sessionId,participant_id,agent_class,target,createdAt,totalHits,totalTrials,hitRate,blocksCompleted,blocksPlanned,sessionComplete,demographics
0ECia7A0nUFDeywWWtzp,mr70epVjC5OAEHxiGuht2h2T6qH2,ai_agent,,2026-01-26T16:32:27.959000+00:00,2291.0,4500.0,0.5091111111111111,30.0,30.0,True,
0NbUsBGgERw7q6F2fx5e,a0xrSPv0u4PSW6q88X2qQmR8Fcu2,ai_agent,,2025-11-19T18:46:45.709000+00:00,2242.0,4500.0,0.49822222222222223,30.0,30.0,True,
0axsqcnsobNuOOKMmQtd,voxVXTS5tuZosgzjYFbrZZPNDe32,human,,2025-12-09T03:16:52.038000+00:00,2287.0,4500.0,0.5082222222222222,30.0,30.0,True,"{'age': 18, 'clarityNow': 5, 'screenTime': 4, 'flow': 'Rarely', 'deepWork': '1–2 hours', 'meditation': 'Yes, daily', 'gender': 'Male', 'diagnosis': 'No', 'scrolling': 'Frequently', 'autism': 'No'}"
0mf5fcFJc55b3ey7DAKZ,wpb2rvaHhEXkdUratYdjRpreew13,ai_agent,,2026-01-23T18:33:47.295000+00:00,2307.0,4500.0,0.5126666666666667,30.0,30.0,True,
0xzTwvayISKF2kfVIg35,a0xrSPv0u4PSW6q88X2qQmR8Fcu2,ai_agent,,2025-11-19T18:52:01.089000+00:00,2263.0,4500.0,0.5028888888888889,30.0,30.0,True,
10eO7RvBJxIeBrY2o6jk,wvToPbdcnOhWXWmVQHA2pBinMb43,baseline,,2026-01-29T16:03:18.858000+00:00,2236.0,4500.0,0.4968888888888889,30.0,30.0,True,
11mi1guTby2nVn90BH86,iHhK3k6E7FZi7q0J60Ugd2YSRnq1,ai_agent,,2025-10-19T20:57:39.740000+00:00,2265.0,4500.0,0.5033333333333333,30.0,30.0,False,
14doGtNZbHIs7KyYIQy0,ctudEjSvxOSDr8pVN8fDU1YvfNg1,baseline,,2026-01-16T05:52:52.183000+00:00,2233.0,4500.0,0.49622222222222223,30.0,30.0,True,
16AY6dxJk9uQdTV2hlUj,y612YV0ACNSi8gs6TnC3QIueQi23,baseline,,2025-10-27T23:46:54.427000+00:00,2233.0,4500.0,0.49622222222222223,30.0,30.0,True,"{'age': 59, 'clarityNow': 4, 'screenTime': 5, 'flow': 'Occasionally', 'psiPossibility': 'I am open to the possibility', 'deepWork': 'Rarely or never', 'meditation': 'Yes, daily', 'gender': 'Female', 'diagnosis': 'Not sure / Self-diagnosed', 'scrolling': 'Frequently', 'autism': 'No'}"
19gFK695xje2JE8ZGDyF,jWmnCeeHhqfK2K1DIn16yVzqXKS2,human,,2025-12-30T12:32:57.718000+00:00,2203.0,4500.0,0.4895555555555556,30.0,30.0,True,"{'age': 21, 'clarityNow': 7, 'screenTime': 9, 'flow': 'Occasionally', 'psiPossibility': 'Yes, it is definitely possible', 'deepWork': '1–2 hours', 'meditation': 'Rarely or never', 'gender': 'Female', 'diagnosis': 'No', 'scrolling': 'Frequently', 'autism': 'No'}"
1PBC20uQcTIrsNP0XciX,wpb2rvaHhEXkdUratYdjRpreew13,ai_agent,,2026-01-23T18:57:13.530000+00:00,2242.0,4500.0,0.49822222222222223,30.0,30.0,True,
1QoIZ0KnA4u1hLjAXRso,y612YV0ACNSi8gs6TnC3QIueQi23,baseline,,2025-10-22T00:01:47.486000+00:00,2287.0,4500.0,0.5082222222222222,30.0,30.0,True,"{'age': 59, 'clarityNow': 4, 'screenTime': 5, 'flow': 'Occasionally', 'psiPossibility': 'I am open to the possibility', 'deepWork': 'Rarely or never', 'meditation': 'Yes, daily', 'gender': 'Female', 'diagnosis': 'Not sure / Self-diagnosed', 'scrolling': 'Frequently', 'autism': 'No'}"
1hpdQn2XewUXoKbS82g6,vsoK1aC4lyMHlySmRGVLREUYc8k2,ai_agent,,2025-12-24T01:57:04.613000+00:00,2226.0,4500.0,0.49466666666666664,30.0,30.0,True,
1zpuiY8TJkrlJh81X8RN,2SSbYX237jR9aOfq1lvxvxeR8LF2,ai_agent,,2026-01-22T04:09:43.974000+00:00,2236.0,4500.0,0.4968888888888889,30.0,30.0,True,
20zxjBGN4FZpXJVUyNmw,OQ8WG5aCeUdyF59QZmWRUkmeczs1,ai_agent,,2026-01-24T01:33:36.165000+00:00,2264.0,4500.0,0.5031111111111111,30.0,30.0,True,
23JFKCpN6Eu54HStZtLI,RGsyXh5mJSU66WiEQJ0IMCeYkXy2,ai_agent,,2026-01-28T15:31:35.174000+00:00,2229.0,4500.0,0.49533333333333335,30.0,30.0,True,
23UzGQSvj7crOTck5Ga2,4s1SvCkqKxN2vbgfmiuz3VlVIEd2,human,,2025-12-19T07:31:16.306000+00:00,2261.0,4500.0,0.5024444444444445,30.0,30.0,True,"{'age': 22, 'clarityNow': 7, 'screenTime': 5, 'flow': 'Occasionally', 'psiPossibility': 'I am open to the possibility', 'deepWork': 'More than 2 hours', 'diagnosis': 'Not sure / Self-diagnosed', 'autism': 'Not sure / Self-diagnosed', 'meditation': 'Rarely or never', 'scrolling': 'Frequently', 'gender': 'Male'}"
2SOr8fDv75XxyjIEw5na,FnMVWpBLoaaG8mUYj3SnG2lfx6I2,human,,2025-12-08T22:11:44.497000+00:00,2160.0,4500.0,0.48,30.0,30.0,True,"{'age': 28, 'clarityNow': 3, 'screenTime': 2, 'flow': 'Often', 'deepWork': 'More than 2 hours', 'meditation': 'Yes, a few times per week', 'gender': 'Female', 'diagnosis': 'No', 'scrolling': 'Sometimes', 'autism': 'No'}"
2cSnkAJ373FyIxnPgnsC,9ujsEs28EeVRcQuqpSRCC2DqJIY2,human,,2025-12-09T20:19:16.584000+00:00,2233.0,4500.0,0.49622222222222223,30.0,30.0,True,"{'age': 39, 'clarityNow': 7, 'screenTime': 5, 'flow': 'Rarely', 'deepWork': 'Less than 1 hour', 'meditation': 'Rarely or never', 'gender': 'Female', 'diagnosis': 'No', 'scrolling': 'Sometimes', 'autism': 'No'}"
2mTHS6oVxwnHoCh5r4ic,mr70epVjC5OAEHxiGuht2h2T6qH2,ai_agent,,2026-01-26T16:46:51.318000+00:00,2282.0,4500.0,0.5071111111111111,30.0,30.0,True,
2wLLGv1tmrjiwqUEFdt0,wvToPbdcnOhWXWmVQHA2pBinMb43,baseline,,2026-01-29T15:58:54.667000+00:00,2283.0,4500.0,0.5073333333333333,30.0,30.0,True,
2z2g9lPVvbgT8phC8oDx,y612YV0ACNSi8gs6TnC3QIueQi23,baseline,,2025-10-27T23:49:22.626000+00:00,2186.0,4500.0,0.48577777777777775,30.0,30.0,True,"{'age': 59, 'clarityNow': 4, 'screenTime': 5, 'flow': 'Occasionally', 'psiPossibility': 'I am open to the possibility', 'deepWork': 'Rarely or never', 'meditation': 'Yes, daily', 'gender': 'Female', 'diagnosis': 'Not sure / Self-diagnosed', 'scrolling': 'Frequently', 'autism': 'No'}"
34u1HqhyQY7Au6ufk0SK,88Dwn1xyCNgoCf4dqlQwVcG1MZO2,human,,2025-12-09T20:58:26.368000+00:00,2202.0,4500.0,0.48933333333333334,30.0,30.0,True,"{'age': 22, 'clarityNow': 7, 'screenTime': 6, 'flow': 'Rarely', 'deepWork': 'Rarely or never', 'meditation': 'Rarely or never', 'gender': 'Female', 'diagnosis': 'No', 'scrolling': 'Frequently', 'autism': 'No'}"
3FkPzc9itUucLFpOOojN,ctudEjSvxOSDr8pVN8fDU1YvfNg1,baseline,,2026-01-16T05:15:45.340000+00:00,2313.0,4500.0,0.514,30.0,30.0,True,
3Jac6x9WrG2FD2MEg2xZ,zLJxHujaCTWw5N1uuC7dXRHxYSw1,human,,2025-12-10T17:11:55.821000+00:00,2257.0,4500.0,0.5015555555555555,30.0,30.0,True,"{'psiBelief': 6, 'clarityNow': 6, 'screenTime': 5, 'age': 59, 'flow': 'Often', 'deepWork': 'Less than 1 hour', 'meditation': 'Yes, daily', 'gender': 'Female', 'diagnosis': 'Not sure / Self-diagnosed', 'scrolling': 'Frequently', 'autism': 'No'}"
3avyvEJYwnJLG1X24fBg,aGNBYElYV8UKzh7IN3L6Tqf7OYy2,human,,2025-12-18T13:12:02.646000+00:00,2214.0,4500.0,0.492,30.0,30.0,True,"{'age': 40, 'clarityNow': 8, 'screenTime': 2, 'flow': 'Occasionally', 'psiPossibility': 'No way / Impossible', 'deepWork': 'More than 2 hours', 'meditation': 'Rarely or never', 'gender': 'Male', 'diagnosis': 'No', 'scrolling': 'Sometimes', 'autism': 'No'}"
3jXCBGQBBfQsGvvOmHk8,ctudEjSvxOSDr8pVN8fDU1YvfNg1,baseline,,2026-01-16T06:11:18.389000+00:00,2232.0,4500.0,0.496,30.0,30.0,True,
3uzy3j9YsdYc6PfBGUXs,dNHH9p6svsPUOst9it7oIkIKpJb2,human,,2025-12-11T03:16:11.665000+00:00,2271.0,4500.0,0.5046666666666667,30.0,30.0,True,"{'age': 53, 'clarityNow': 9, 'screenTime': 10, 'flow': 'Often', 'psiPossibility': 'I am open to the possibility', 'deepWork': 'More than 2 hours', 'meditation': 'Rarely or never', 'gender': 'Nonbinary', 'diagnosis': 'No', 'scrolling': 'Sometimes', 'autism': 'No'}"
3wT5LSAMpwTeee5GojpO,y612YV0ACNSi8gs6TnC3QIueQi23,baseline,,2025-10-17T22:58:07.083000+00:00,2222.0,4500.0,0.49377777777777776,30.0,30.0,False,"{'age': 59, 'clarityNow': 4, 'screenTime': 5, 'flow': 'Occasionally', 'psiPossibility': 'I am open to the possibility', 'deepWork': 'Rarely or never', 'meditation': 'Yes, daily', 'gender': 'Female', 'diagnosis': 'Not sure / Self-diagnosed', 'scrolling': 'Frequently', 'autism': 'No'}"
3zcww0Sh3w2wsTkPAmMf,8F8PS4DJDybCeQepz2jyPy0siLW2,human,,2025-12-15T18:10:30.648000+00:00,2259.0,4500.0,0.502,30.0,30.0,True,"{'age': 34, 'clarityNow': 5, 'screenTime': 8, 'flow': 'Often', 'psiPossibility': 'Yes, it is definitely possible', 'deepWork': 'More than 2 hours', 'meditation': 'Occasionally', 'gender': 'Male', 'diagnosis': 'No', 'scrolling': 'Rarely', 'autism': 'Yes'}"
434bH5YZ1HPHWcsrcU17,puvpskzOuJPtDVUBR6O5GpiNWF53,human,,2025-12-02T17:45:24.153000+00:00,2245.0,4500.0,0.4988888888888889,30.0,30.0,True,"{'age': 59, 'clarityNow': 2, 'screenTime': 3, 'flow': 'Occasionally', 'deepWork': 'Less than 1 hour', 'meditation': 'Yes, daily', 'gender': 'Female', 'diagnosis': 'Not sure / Self-diagnosed', 'scrolling': 'Frequently', 'autism': 'No'}"
46tFKsQW0BAjnVpr1kAn,wvToPbdcnOhWXWmVQHA2pBinMb43,baseline,,2026-01-29T15:41:50.360000+00:00,2315.0,4500.0,0.5144444444444445,30.0,30.0,True,
4Gk169bh6YjacixA4Acs,LJn18WLLY5b9UkAOSPFHZBSQsZ83,ai_agent,,2025-10-23T23:26:29.178000+00:00,2253.0,4500.0,0.5006666666666667,30.0,30.0,True,
4TXCJjPUGeMcyWJeonb2,y612YV0ACNSi8gs6TnC3QIueQi23,baseline,,2025-12-23T22:49:59.030000+00:00,2253.0,4500.0,0.5006666666666667,30.0,30.0,True,"{'age': 59, 'clarityNow': 4, 'screenTime': 5, 'flow': 'Occasionally', 'psiPossibility': 'I am open to the possibility', 'deepWork': 'Rarely or never', 'meditation': 'Yes, daily', 'gender': 'Female', 'diagnosis': 'Not sure / Self-diagnosed', 'scrolling': 'Frequently', 'autism': 'No'}"
4Ts2Qe5PMSlcejgJGIqA,ub0CmVvXqlNS1HfCP7GEFAMRPcw2,ai_agent,,2025-10-25T23:38:08.837000+00:00,2196.0,4500.0,0.488,30.0,30.0,True,
4no38n517dxfDR4Uvysz,y612YV0ACNSi8gs6TnC3QIueQi23,baseline,,2025-10-20T22:08:08.612000+00:00,2245.0,4500.0,0.4988888888888889,30.0,30.0,False,"{'age': 59, 'clarityNow': 4, 'screenTime': 5, 'flow': 'Occasionally', 'psiPossibility': 'I am open to the possibility', 'deepWork': 'Rarely or never', 'meditation': 'Yes, daily', 'gender': 'Female', 'diagnosis': 'Not sure / Self-diagnosed', 'scrolling': 'Frequently', 'autism': 'No'}"
5004hnJ5l9qMaieHzW8i,LGkD3XLzLHN5fUzXyagGT6VnCnt2,human,,2025-12-28T10:11:41.233000+00:00,2251.0,4500.0,0.5002222222222222,30.0,30.0,True,"{'age': 31, 'clarityNow': 10, 'screenTime': 2, 'flow': 'Often', 'psiPossibility': 'Yes, it is definitely possible', 'deepWork': 'More than 2 hours', 'meditation': 'Yes, a few times per week', 'gender': 'Female', 'diagnosis': 'No', 'scrolling': 'Never', 'autism': 'No'}"
512MSVjUmLIEEqHDp4Ym,y612YV0ACNSi8gs6TnC3QIueQi23,baseline,,2025-10-17T22:55:39.594000+00:00,2256.0,4500.0,0.5013333333333333,30.0,30.0,False,"{'age': 59, 'clarityNow': 4, 'screenTime': 5, 'flow': 'Occasionally', 'psiPossibility': 'I am open to the possibility', 'deepWork': 'Rarely or never', 'meditation': 'Yes, daily', 'gender': 'Female', 'diagnosis': 'Not sure / Self-diagnosed', 'scrolling': 'Frequently', 'autism': 'No'}"
54KdsWtEIkFhQRvbZEnb,wvToPbdcnOhWXWmVQHA2pBinMb43,baseline,,2026-01-29T19:45:34.743000+00:00,2310.0,4500.0,0.5133333333333333,30.0,30.0,True,
58kYS9PVYx4UOStQprJn,ctudEjSvxOSDr8pVN8fDU1YvfNg1,baseline,,2026-01-16T06:16:41.576000+00:00,2261.0,4500.0,0.5024444444444445,30.0,30.0,True,
5abKb21V10OIrB84RibS,wpb2rvaHhEXkdUratYdjRpreew13,ai_agent,,2026-01-23T18:54:37.185000+00:00,2260.0,4500.0,0.5022222222222222,30.0,30.0,True,
5hjCbxQMHmYqFWJHUJ5a,y612YV0ACNSi8gs6TnC3QIueQi23,human,,2025-10-24T23:24:25.840000+00:00,2255.0,4500.0,0.5011111111111111,30.0,30.0,True,"{'age': 59, 'clarityNow': 4, 'screenTime': 5, 'flow': 'Occasionally', 'psiPossibility': 'I am open to the possibility', 'deepWork': 'Rarely or never', 'meditation': 'Yes, daily', 'gender': 'Female', 'diagnosis': 'Not sure / Self-diagnosed', 'scrolling': 'Frequently', 'autism': 'No'}"
5lRsFIbM1eZjTsrmbr3r,wvToPbdcnOhWXWmVQHA2pBinMb43,baseline,,2026-01-29T19:59:51.464000+00:00,2215.0,4500.0,0.4922222222222222,30.0,30.0,True,
5qz3N0AkeACXgueHeYUD,O3u5239kWudPqZuq1dMfKOtIEG42,human,,2025-12-11T23:09:44.473000+00:00,2239.0,4500.0,0.49755555555555553,30.0,30.0,True,"{'age': 26, 'clarityNow': 6, 'screenTime': 7, 'flow': 'Occasionally', 'psiPossibility': 'Yes, it is definitely possible', 'deepWork': '1–2 hours', 'meditation': 'Rarely or never', 'gender': 'Male', 'diagnosis': 'Not sure / Self-diagnosed', 'scrolling': 'Frequently', 'autism': 'No'}"
64ZtRkBLAdgeyrdrNR0q,OQ8WG5aCeUdyF59QZmWRUkmeczs1,ai_agent,,2026-01-24T01:23:16.642000+00:00,2289.0,4500.0,0.5086666666666667,30.0,30.0,True,
64ivDjwgaVGTD9LfdDvF,ub0CmVvXqlNS1HfCP7GEFAMRPcw2,ai_agent,,2025-10-25T23:32:54.419000+00:00,2219.0,4500.0,0.4931111111111111,30.0,30.0,True,
6ZOPMXosbciBuxyL3Vh1,vsoK1aC4lyMHlySmRGVLREUYc8k2,ai_agent,,2025-12-24T01:54:13.343000+00:00,2187.0,4500.0,0.486,30.0,30.0,True,
6hwSTKZM6dvoe72ZvVAC,VCgFMoSkUjO7A4ogYfjGsHY4Xgf1,human,,2025-12-25T18:13:41.524000+00:00,2234.0,4500.0,0.49644444444444447,30.0,30.0,True,"{'age': 27, 'clarityNow': 6, 'screenTime': 4, 'flow': 'Occasionally', 'psiPossibility': 'I am skeptical', 'deepWork': 'More than 2 hours', 'diagnosis': 'No', 'autism': 'Not sure / Self-diagnosed', 'meditation': 'Rarely or never', 'scrolling': 'Sometimes', 'gender': 'Prefer not to say'}"
6nQLMyzAdr9MbdkyuQ6B,fmE3i72plBhspxhrfNXtToMZd523,human,,2025-12-24T08:21:26.966000+00:00,2232.0,4500.0,0.496,30.0,30.0,True,"{'age': 22, 'clarityNow': 8, 'screenTime': 1, 'flow': 'Occasionally', 'psiPossibility': 'I am skeptical', 'deepWork': 'More than 2 hours', 'diagnosis': 'No', 'autism': 'No', 'gender': 'Female', 'scrolling': 'Rarely', 'meditation': 'Rarely or never'}"
6w3vsxxh1c9jPDIdVEUK,ub0CmVvXqlNS1HfCP7GEFAMRPcw2,ai_agent,,2025-10-25T23:30:17.123000+00:00,2206.0,4500.0,0.4902222222222222,30.0,30.0,True,
75FcrxwuPQxzS0PA4xOs,wvToPbdcnOhWXWmVQHA2pBinMb43,baseline,,2026-01-29T19:48:11.096000+00:00,2223.0,4500.0,0.494,30.0,30.0,True,
75XfxBlqPlkvN3vn2FfZ,UVqDMkYRw3XHMNvCYVuJjueYXRm1,human,,2026-01-21T19:52:15.119000+00:00,2232.0,4500.0,0.496,30.0,30.0,True,"{'age': 27, 'clarityNow': 3, 'screenTime': 8, 'flow': 'Often', 'psiPossibility': 'I am open to the possibility', 'deepWork': '1–2 hours', 'meditation': 'Occasionally', 'gender': 'Female', 'diagnosis': 'Not sure / Self-diagnosed', 'scrolling': 'Frequently', 'autism': 'Yes'}"
79dJj7lB6etCElQP31gJ,ZMO2YYSTZ9f4hPZqQffebxAmnyp1,ai_agent,,2026-01-27T01:31:45.319000+00:00,2283.0,4500.0,0.5073333333333333,30.0,30.0,True,
7V5rNtb7Xl3yli6s8SOZ,OQ8WG5aCeUdyF59QZmWRUkmeczs1,ai_agent,,2026-01-24T01:31:01.798000+00:00,2285.0,4500.0,0.5077777777777778,30.0,30.0,True,
7xxQrhj6FRHlTRQeMxD2,gBT1cVXg7RZcBAP7X7Ljww4Lwv52,human,,2025-12-16T17:34:11.594000+00:00,1576.0,3150.0,0.5003174603174603,21.0,30.0,False,"{'age': 20, 'clarityNow': 8, 'screenTime': 5, 'flow': 'Occasionally', 'psiPossibility': 'I am skeptical', 'deepWork': '1–2 hours', 'meditation': 'Rarely or never', 'gender': 'Male', 'diagnosis': 'No', 'scrolling': 'Sometimes', 'autism': 'Not sure / Self-diagnosed'}"
83XlIsQyJCitscjuB4WD,ZunDK3l44Ch1PIFgMCIk2Ljlj5q1,human,,2025-12-28T12:33:55.835000+00:00,2239.0,4500.0,0.49755555555555553,30.0,30.0,True,"{'age': 29, 'clarityNow': 9, 'screenTime': 5, 'flow': 'Often', 'psiPossibility': 'No way / Impossible', 'deepWork': 'More than 2 hours', 'meditation': 'Occasionally', 'gender': 'Female', 'diagnosis': 'Yes', 'scrolling': 'Frequently', 'autism': 'Not sure / Self-diagnosed'}"
8AvAWFg27KIUaC15W3yG,KS0OSWtdmCY0Pz5uMO6h9xso8YK2,human,,2025-12-08T23:09:09.732000+00:00,2294.0,4500.0,0.5097777777777778,30.0,30.0,True,"{'age': 59, 'clarityNow': 6, 'screenTime': 4, 'flow': 'Occasionally', 'deepWork': 'Less than 1 hour', 'meditation': 'Yes, daily', 'gender': 'Female', 'diagnosis': 'Not sure / Self-diagnosed', 'scrolling': 'Frequently', 'autism': 'No'}"
8Fjn1BAygHkv9itmr6yf,y612YV0ACNSi8gs6TnC3QIueQi23,baseline,,2025-12-23T22:46:07.615000+00:00,2249.0,4500.0,0.49977777777777777,30.0,30.0,True,"{'age': 59, 'clarityNow': 4, 'screenTime': 5, 'flow': 'Occasionally', 'psiPossibility': 'I am open to the possibility', 'deepWork': 'Rarely or never', 'meditation': 'Yes, daily', 'gender': 'Female', 'diagnosis': 'Not sure / Self-diagnosed', 'scrolling': 'Frequently', 'autism': 'No'}"
8VmM6M2IC1HyrWkA2fpW,y612YV0ACNSi8gs6TnC3QIueQi23,baseline,,2025-12-13T03:14:40.011000+00:00,2327.0,4500.0,0.5171111111111111,30.0,30.0,True,"{'age': 59, 'clarityNow': 4, 'screenTime': 5, 'flow': 'Occasionally', 'psiPossibility': 'I am open to the possibility', 'deepWork': 'Rarely or never', 'meditation': 'Yes, daily', 'gender': 'Female', 'diagnosis': 'Not sure / Self-diagnosed', 'scrolling': 'Frequently', 'autism': 'No'}"
8hDLPNd60Vq1ltKOTaP1,E1tNI5xeLCfv9u5Qp5P7E7RMcA72,human,,2025-12-09T17:20:20.287000+00:00,2294.0,4500.0,0.5097777777777778,30.0,30.0,True,"{'age': 24, 'clarityNow': 3, 'screenTime': 2, 'flow': 'Often', 'deepWork': 'More than 2 hours', 'meditation': 'Yes, daily', 'gender': 'Male', 'diagnosis': 'Yes', 'scrolling': 'Frequently', 'autism': 'No'}"
8jNckTbROmuzCSDyeNsH,y612YV0ACNSi8gs6TnC3QIueQi23,baseline,,2025-10-22T00:05:43.163000+00:00,2230.0,4500.0,0.4955555555555556,30.0,30.0,True,"{'age': 59, 'clarityNow': 4, 'screenTime': 5, 'flow': 'Occasionally', 'psiPossibility': 'I am open to the possibility', 'deepWork': 'Rarely or never', 'meditation': 'Yes, daily', 'gender': 'Female', 'diagnosis': 'Not sure / Self-diagnosed', 'scrolling': 'Frequently', 'autism': 'No'}"
8piJbP8QnXhvlEQnAoo8,ctudEjSvxOSDr8pVN8fDU1YvfNg1,baseline,,2026-01-16T05:40:32.130000+00:00,2192.0,4500.0,0.4871111111111111,30.0,30.0,True,
8tnnhCtCcgiockbFs7JY,26UywIVuCkOwqrHBZePS4mc23ud2,human,,2025-12-10T01:01:15.079000+00:00,2258.0,4500.0,0.5017777777777778,30.0,30.0,True,"{'age': 39, 'clarityNow': 6, 'screenTime': 9, 'flow': 'Often', 'deepWork': 'More than 2 hours', 'meditation': 'Rarely or never', 'gender': 'Female', 'diagnosis': 'No', 'scrolling': 'Sometimes', 'autism': 'No'}"
929rF1RW0hhh6sPSOuIt,DWy8KT2s13cG1vK0GfpoF3NMdwd2,human,,2025-12-28T23:05:30.924000+00:00,2291.0,4500.0,0.5091111111111111,30.0,30.0,True,"{'age': 28, 'clarityNow': 4, 'screenTime': 2, 'flow': 'Often', 'psiPossibility': 'Yes, it is definitely possible', 'deepWork': 'More than 2 hours', 'meditation': 'Occasionally', 'gender': 'Female', 'diagnosis': 'Yes', 'scrolling': 'Sometimes', 'autism': 'No'}"
92hCuiJFDK7kQMiXjKPa,wvToPbdcnOhWXWmVQHA2pBinMb43,baseline,,2026-01-29T15:22:23.008000+00:00,2285.0,4500.0,0.5077777777777778,30.0,30.0,True,
94vvdia7Z6eTRHdohxed,x7tQpQhNPbZibvd5KKIB77OLaQA3,human,,2025-12-05T02:43:23.995000+00:00,2294.0,4500.0,0.5097777777777778,30.0,30.0,True,"{'age': 18, 'clarityNow': 5, 'screenTime': 3, 'flow': 'Occasionally', 'deepWork': '1–2 hours', 'meditation': 'Rarely or never', 'gender': 'Female', 'diagnosis': 'No', 'scrolling': 'Sometimes', 'autism': 'No'}"
9F3OJvRnyc1sX4Q2m1NR,EViKvbVYn7bauXswsp2wJQvcnYJ3,human,,2025-12-16T05:15:16.496000+00:00,2239.0,4500.0,0.49755555555555553,30.0,30.0,True,"{'age': 32, 'clarityNow': 8, 'screenTime': 5, 'flow': 'Often', 'psiPossibility': 'I am open to the possibility', 'deepWork': 'Less than 1 hour', 'meditation': 'Occasionally', 'gender': 'Female', 'diagnosis': 'Not sure / Self-diagnosed', 'scrolling': 'Frequently', 'autism': 'Not sure / Self-diagnosed'}"
9R6aBXDwdMxfBsbnSHWT,xIO1wZGsyufv1at5dKzEnAKOVh52,human,,2025-12-19T00:31:24.740000+00:00,2304.0,4500.0,0.512,30.0,30.0,True,"{'age': 42, 'clarityNow': 10, 'screenTime': 2, 'flow': 'Often', 'psiPossibility': 'Yes, it is definitely possible', 'deepWork': 'More than 2 hours', 'meditation': 'Yes, a few times per week', 'gender': 'Female', 'diagnosis': 'No', 'scrolling': 'Frequently', 'autism': 'No'}"
9e8XCDqqTO18C4sZLX4a,y612YV0ACNSi8gs6TnC3QIueQi23,baseline,,2025-12-13T03:12:10.482000+00:00,2283.0,4500.0,0.5073333333333333,30.0,30.0,True,"{'age': 59, 'clarityNow': 4, 'screenTime': 5, 'flow': 'Occasionally', 'psiPossibility': 'I am open to the possibility', 'deepWork': 'Rarely or never', 'meditation': 'Yes, daily', 'gender': 'Female', 'diagnosis': 'Not sure / Self-diagnosed', 'scrolling': 'Frequently', 'autism': 'No'}"
AEfyqwNVEMDPW25bMNqR,wvToPbdcnOhWXWmVQHA2pBinMb43,baseline,,2026-01-29T19:50:46.403000+00:00,2265.0,4500.0,0.5033333333333333,30.0,30.0,True,
AJatJH0WpCcBQlEwV0IZ,2SSbYX237jR9aOfq1lvxvxeR8LF2,ai_agent,,2026-01-22T03:44:04.983000+00:00,2314.0,4500.0,0.5142222222222222,30.0,30.0,True,
AT2HfHeX3BmgUPsm6nLy,RGsyXh5mJSU66WiEQJ0IMCeYkXy2,ai_agent,,2026-01-28T15:18:02.720000+00:00,2220.0,4500.0,0.49333333333333335,30.0,30.0,True,
AURzKylG79Kc8RaDJytc,kyySq1FcFNbvZPfQc0DDVGeRRFg1,human,,2025-12-15T05:44:06.992000+00:00,2266.0,4500.0,0.5035555555555555,30.0,30.0,True,"{'age': 37, 'clarityNow': 4, 'screenTime': 7, 'flow': 'Occasionally', 'psiPossibility': 'I am open to the possibility', 'deepWork': 'More than 2 hours', 'meditation': 'Rarely or never', 'gender': 'Female', 'diagnosis': 'Yes', 'scrolling': 'Sometimes', 'autism': 'No'}"
AuiUODYBgZyCQD9oakSy,r3rvDHiKcJV0iAdIxmwb8snxLD52,human,,2025-12-29T11:09:23.955000+00:00,2271.0,4500.0,0.5046666666666667,30.0,30.0,True,"{'age': 21, 'clarityNow': 7, 'screenTime': 4, 'flow': 'Often', 'psiPossibility': 'I am skeptical', 'deepWork': 'Less than 1 hour', 'meditation': 'Rarely or never', 'gender': 'Prefer not to say', 'diagnosis': 'Not sure / Self-diagnosed', 'scrolling': 'Frequently', 'autism': 'No'}"
BBVCx2mvjJ7sFndmpIyU,wvToPbdcnOhWXWmVQHA2pBinMb43,baseline,,2026-01-29T19:57:15.724000+00:00,2212.0,4500.0,0.4915555555555556,30.0,30.0,True,
BUlYwdpxH2s7ILwtIODr,y612YV0ACNSi8gs6TnC3QIueQi23,baseline,,2025-12-13T03:13:24.935000+00:00,2265.0,4500.0,0.5033333333333333,30.0,30.0,True,"{'age': 59, 'clarityNow': 4, 'screenTime': 5, 'flow': 'Occasionally', 'psiPossibility': 'I am open to the possibility', 'deepWork': 'Rarely or never', 'meditation': 'Yes, daily', 'gender': 'Female', 'diagnosis': 'Not sure / Self-diagnosed', 'scrolling': 'Frequently', 'autism': 'No'}"
BcMEuIWpDCvNucSJ4JRT,OQ8WG5aCeUdyF59QZmWRUkmeczs1,ai_agent,,2026-01-24T01:36:10.638000+00:00,68.0,150.0,0.4533333333333333,1.0,30.0,False,
BeI1ZQIbnyOQu0TxBKzn,RGsyXh5mJSU66WiEQJ0IMCeYkXy2,ai_agent,,2026-01-28T15:22:46.274000+00:00,2186.0,4500.0,0.48577777777777775,30.0,30.0,True,
Bfpzaep5qf2NGGz3Iteq,ZMO2YYSTZ9f4hPZqQffebxAmnyp1,ai_agent,,2026-01-27T01:50:27.165000+00:00,2256.0,4500.0,0.5013333333333333,30.0,30.0,True,
BliPuPkqVps252sPpkvi,CklhQJa7ePd5XgyF9xUqRtHATYx2,human,,2025-12-17T05:32:23.017000+00:00,2204.0,4500.0,0.48977777777777776,30.0,30.0,True,"{'age': 24, 'clarityNow': 8, 'screenTime': 5, 'flow': 'Occasionally', 'psiPossibility': 'I am skeptical', 'deepWork': '1–2 hours', 'meditation': 'Rarely or never', 'gender': 'Female', 'diagnosis': 'Not sure / Self-diagnosed', 'scrolling': 'Sometimes', 'autism': 'No'}"
BrS7OGnMaNtOBHgiZPrL,ctudEjSvxOSDr8pVN8fDU1YvfNg1,baseline,,2026-01-16T06:15:20.677000+00:00,2234.0,4500.0,0.49644444444444447,30.0,30.0,True,
C0E0eCqPd3SNrZgzjmS2,y612YV0ACNSi8gs6TnC3QIueQi23,human,,2025-10-19T20:47:35.649000+00:00,2255.0,4500.0,0.5011111111111111,30.0,30.0,True,"{'age': 59, 'clarityNow': 4, 'screenTime': 5, 'flow': 'Occasionally', 'psiPossibility': 'I am open to the possibility', 'deepWork': 'Rarely or never', 'meditation': 'Yes, daily', 'gender': 'Female', 'diagnosis': 'Not sure / Self-diagnosed', 'scrolling': 'Frequently', 'autism': 'No'}"
C4DGWCRoLkzaQWM6GpuJ,D9tGkMVssiWLuxLbuTUwH8DrcHh2,human,,2025-12-23T12:11:29.702000+00:00,2264.0,4500.0,0.5031111111111111,30.0,30.0,True,"{'age': 19, 'clarityNow': 8, 'screenTime': 6, 'flow': 'Occasionally', 'psiPossibility': 'No way / Impossible', 'deepWork': 'Less than 1 hour', 'meditation': 'Rarely or never', 'gender': 'Female', 'diagnosis': 'No', 'scrolling': 'Frequently', 'autism': 'Yes'}"
CBmb8mdSwb1QyJLad3Qk,RGsyXh5mJSU66WiEQJ0IMCeYkXy2,ai_agent,,2026-01-28T15:41:10.487000+00:00,2232.0,4500.0,0.496,30.0,30.0,True,
CCuYaJyKZaKQmTK5eAjy,wvToPbdcnOhWXWmVQHA2pBinMb43,baseline,,2026-01-29T19:44:16.660000+00:00,2258.0,4500.0,0.5017777777777778,30.0,30.0,True,
CDd3XinoyPJjF5kPZ6MO,2SSbYX237jR9aOfq1lvxvxeR8LF2,ai_agent,,2026-01-22T03:34:02.976000+00:00,2216.0,4500.0,0.49244444444444446,30.0,30.0,True,
CPFmZaeYSLGpzuSiZ1t5,wvToPbdcnOhWXWmVQHA2pBinMb43,baseline,,2026-01-29T15:56:44.660000+00:00,2253.0,4500.0,0.5006666666666667,30.0,30.0,True,
Cb3Ji6bLrU9pgIRikbLw,wvToPbdcnOhWXWmVQHA2pBinMb43,baseline,,2026-01-29T16:05:31.678000+00:00,2251.0,4500.0,0.5002222222222222,30.0,30.0,True,
CbW1KWJxbvSyomjA0ezm,wpb2rvaHhEXkdUratYdjRpreew13,ai_agent,,2026-01-23T18:38:52.379000+00:00,2241.0,4500.0,0.498,30.0,30.0,True,
Cngrbt1J298tOJg0DPdo,OQ8WG5aCeUdyF59QZmWRUkmeczs1,ai_agent,,2026-01-24T01:15:13.843000+00:00,2238.0,4500.0,0.49733333333333335,30.0,30.0,True,
Co4QInz16jpW56TiJNzX,I8Fesxc9gYMypdf9O0TRZULuBBQ2,ai_agent,,2026-01-23T01:42:58.167000+00:00,2274.0,4500.0,0.5053333333333333,30.0,30.0,True,
DE4isivHV2OMnYTETqrm,pb2dWWjew9Ybxvf0ZuVsGQwhRTl2,ai_agent,,2025-10-20T22:18:20.039000+00:00,2274.0,4500.0,0.5053333333333333,30.0,30.0,False,
Df0vHXuHV7E71YdODaUQ,KI1RQQzi5NZDN5b1OIQYW3q4FL43,ai_agent,,2026-01-26T18:30:54.841000+00:00,2262.0,4500.0,0.5026666666666667,30.0,30.0,True,
Dfb228vQLUhYl5rSGBa5,rz7q3ryW8qMQFtHJIayqoyGNNXB2,human,,2025-12-20T17:19:38.968000+00:00,2188.0,4500.0,0.4862222222222222,30.0,30.0,True,"{'age': 25, 'clarityNow': 4, 'screenTime': 7, 'flow': 'Occasionally', 'psiPossibility': 'I am open to the possibility', 'deepWork': '1–2 hours', 'meditation': 'Occasionally', 'gender': 'Female', 'diagnosis': 'No', 'scrolling': 'Frequently', 'autism': 'No'}"
DpaQQZGKluKI7Fv1DnaA,y612YV0ACNSi8gs6TnC3QIueQi23,baseline,,2025-10-27T23:44:25.883000+00:00,2269.0,4500.0,0.5042222222222222,30.0,30.0,True,"{'age': 59, 'clarityNow': 4, 'screenTime': 5, 'flow': 'Occasionally', 'psiPossibility': 'I am open to the possibility', 'deepWork': 'Rarely or never', 'meditation': 'Yes, daily', 'gender': 'Female', 'diagnosis': 'Not sure / Self-diagnosed', 'scrolling': 'Frequently', 'autism': 'No'}"
DssLX4yYbXqXgm1Nv1R2,a0xrSPv0u4PSW6q88X2qQmR8Fcu2,ai_agent,,2025-11-19T18:38:56.041000+00:00,2240.0,4500.0,0.49777777777777776,30.0,30.0,True,
EAdgomG2Gkpk4WV8o2Kf,wvToPbdcnOhWXWmVQHA2pBinMb43,baseline,,2026-01-29T15:43:07.659000+00:00,2184.0,4500.0,0.48533333333333334,30.0,30.0,True,
ELu5h1ILVBTUlAww9heJ,Fgyz9dXRLYVtqxjpXxKdoAuiNLq2,human,,2025-12-27T16:23:04.371000+00:00,2239.0,4500.0,0.49755555555555553,30.0,30.0,True,"{'age': 42, 'clarityNow': 4, 'screenTime': 7, 'flow': 'Often', 'psiPossibility': 'Yes, it is definitely possible', 'deepWork': 'More than 2 hours', 'diagnosis': 'Yes', 'autism': 'Yes', 'meditation': 'Occasionally', 'scrolling': 'Sometimes', 'gender': 'Nonbinary'}"
ET2vlYwKHw32vHjYRaSj,wvToPbdcnOhWXWmVQHA2pBinMb43,baseline,,2026-01-29T20:01:08.812000+00:00,2187.0,4500.0,0.486,30.0,30.0,True,
EdPshLhL1nXU3ZUxwT58,wpb2rvaHhEXkdUratYdjRpreew13,ai_agent,,2026-01-23T18:52:01.825000+00:00,2272.0,4500.0,0.5048888888888889,30.0,30.0,True,
ElbIetFuBO9Yc3oPDnoe,2SSbYX237jR9aOfq1lvxvxeR8LF2,ai_agent,,2026-01-22T04:06:31.019000+00:00,2232.0,4500.0,0.496,30.0,30.0,True,
EmmnJDZYGa2WNtY91Dko,wpb2rvaHhEXkdUratYdjRpreew13,ai_agent,,2026-01-23T18:28:18.032000+00:00,2288.0,4500.0,0.5084444444444445,30.0,30.0,True,
En3gLS5gAP8hkm1WMHOb,42URnnLZyAV9qu6EEpyQjUG0iNC2,human,,2025-12-28T16:35:50.744000+00:00,2265.0,4500.0,0.5033333333333333,30.0,30.0,True,"{'age': 21, 'clarityNow': 5, 'screenTime': 3, 'flow': 'Occasionally', 'psiPossibility': 'I am skeptical', 'deepWork': 'More than 2 hours', 'meditation': 'Rarely or never', 'gender': 'Male', 'diagnosis': 'Not sure / Self-diagnosed', 'scrolling': 'Frequently', 'autism': 'No'}"
EtpyP5gtUEXCHKQHsn1m,OBysqURkMxRSrJF0BVYPccpyw4V2,human,,2025-12-19T14:02:24.846000+00:00,2202.0,4500.0,0.48933333333333334,30.0,30.0,True,"{'age': 37, 'clarityNow': 5, 'screenTime': 8, 'flow': 'Often', 'psiPossibility': 'Yes, it is definitely possible', 'deepWork': 'More than 2 hours', 'meditation': 'Occasionally', 'gender': 'Female', 'diagnosis': 'No', 'scrolling': 'Frequently', 'autism': 'Not sure / Self-diagnosed'}"
F7cCCGOI8ZQsC1tYB1Rk,vXnPiicu1RUv2pH00eQyqpTSRM93,human,,2025-12-27T19:41:20.475000+00:00,2283.0,4500.0,0.5073333333333333,30.0,30.0,True,"{'age': 24, 'clarityNow': 10, 'screenTime': 7, 'flow': 'Occasionally', 'psiPossibility': 'I am skeptical', 'deepWork': 'More than 2 hours', 'meditation': 'Rarely or never', 'gender': 'Female', 'diagnosis': 'Not sure / Self-diagnosed', 'scrolling': 'Sometimes', 'autism': 'No'}"
Fg33ueAVZrTtFk1rBZFt,wvToPbdcnOhWXWmVQHA2pBinMb43,baseline,,2026-01-29T20:03:44.578000+00:00,2220.0,4500.0,0.49333333333333335,30.0,30.0,True,
Fho1Y9IRNN8gJFL05QrH,y612YV0ACNSi8gs6TnC3QIueQi23,human,,2025-10-26T23:28:15.024000+00:00,2236.0,4500.0,0.4968888888888889,30.0,30.0,True,"{'age': 59, 'clarityNow': 4, 'screenTime': 5, 'flow': 'Occasionally', 'psiPossibility': 'I am open to the possibility', 'deepWork': 'Rarely or never', 'meditation': 'Yes, daily', 'gender': 'Female', 'diagnosis': 'Not sure / Self-diagnosed', 'scrolling': 'Frequently', 'autism': 'No'}"
Fu8tIMd4m88xlgCpd3m7,XLG2p4ph9pgj4GEsVBhn6dhpV752,human,,2025-12-25T22:12:30.818000+00:00,2262.0,4500.0,0.5026666666666667,30.0,30.0,True,"{'age': 21, 'clarityNow': 5, 'screenTime': 6, 'flow': 'Occasionally', 'psiPossibility': 'No way / Impossible', 'deepWork': 'More than 2 hours', 'meditation': 'Rarely or never', 'gender': 'Male', 'diagnosis': 'No', 'scrolling': 'Rarely', 'autism': 'No'}"
G48Q8sybfviFNFVBYJIG,wvToPbdcnOhWXWmVQHA2pBinMb43,baseline,,2026-01-29T19:42:59.157000+00:00,2213.0,4500.0,0.49177777777777776,30.0,30.0,True,
G50EOMLWHfo4wbCB3x6p,hwBPGkzt7vXPjOhR6tdRNim0zNq1,human,,2025-11-20T23:20:39.453000+00:00,,,,,,,"{'age': 19, 'clarityNow': 2, 'screenTime': 5, 'flow': 'Often', 'deepWork': 'Less than 1 hour', 'meditation': 'Rarely or never', 'gender': 'Male', 'diagnosis': 'Yes', 'scrolling': 'Frequently', 'autism': 'No'}"
GAde2dzjU6GNEksTsn64,y612YV0ACNSi8gs6TnC3QIueQi23,baseline,,2025-12-23T22:40:58.750000+00:00,2273.0,4500.0,0.5051111111111111,30.0,30.0,True,"{'age': 59, 'clarityNow': 4, 'screenTime': 5, 'flow': 'Occasionally', 'psiPossibility': 'I am open to the possibility', 'deepWork': 'Rarely or never', 'meditation': 'Yes, daily', 'gender': 'Female', 'diagnosis': 'Not sure / Self-diagnosed', 'scrolling': 'Frequently', 'autism': 'No'}"
GF6ts9WbZrMOQd71ypZ9,KI1RQQzi5NZDN5b1OIQYW3q4FL43,ai_agent,,2026-01-26T18:25:39.053000+00:00,2232.0,4500.0,0.496,30.0,30.0,True,
GPMyQheKqDS5mbKP4hRG,wvToPbdcnOhWXWmVQHA2pBinMb43,baseline,,2026-01-29T15:44:26.167000+00:00,2225.0,4500.0,0.49444444444444446,30.0,30.0,True,
GSWweclnO22OEHzPe4N2,KI1RQQzi5NZDN5b1OIQYW3q4FL43,ai_agent,,2026-01-26T18:28:14.081000+00:00,2309.0,4500.0,0.5131111111111111,30.0,30.0,True,
GjneZ0QjNlmfNvQnnunz,iqjy7CA7AKYgwFCXNIUroprEoMY2,human,,2025-11-25T17:34:59.247000+00:00,,,,,,,"{'age': 59, 'clarityNow': 7, 'screenTime': 10, 'flow': 'Often', 'deepWork': 'Less than 1 hour', 'meditation': 'Yes, daily', 'gender': 'Female', 'diagnosis': 'Not sure / Self-diagnosed', 'scrolling': 'Frequently', 'autism': 'No'}"
GnlkmkM3pm6iIAoKsMSf,4FE30fbOeHV1BsLOm77PKDrgDg13,human,,2025-12-23T14:56:06.321000+00:00,2280.0,4500.0,0.5066666666666667,30.0,30.0,True,"{'age': 53, 'clarityNow': 7, 'screenTime': 12, 'flow': 'Occasionally', 'psiPossibility': 'Yes, it is definitely possible', 'deepWork': 'More than 2 hours', 'meditation': 'Yes, a few times per week', 'gender': 'Male', 'diagnosis': 'No', 'scrolling': 'Never', 'autism': 'No'}"
H7kySBJEnoSbVRDpBPwr,TyjQenJlSVg4HFopDj3i6AiFbwu1,human,,2025-12-29T19:38:28.472000+00:00,2212.0,4500.0,0.4915555555555556,30.0,30.0,True,"{'age': 20, 'clarityNow': 6, 'screenTime': 7, 'flow': 'Occasionally', 'psiPossibility': 'I am open to the possibility', 'deepWork': 'More than 2 hours', 'meditation': 'Occasionally', 'gender': 'Female', 'diagnosis': 'Not sure / Self-diagnosed', 'scrolling': 'Frequently', 'autism': 'Not sure / Self-diagnosed'}"
HDrNNl04r1T5qYcrzwcc,ocK3rx3Cl8cAXWtJoqtuk8kxkcY2,human,,2026-02-10T18:04:52.879000+00:00,2243.0,4500.0,0.49844444444444447,30.0,30.0,True,"{'age': 30, 'clarityNow': 3, 'screenTime': 7, 'flow': 'Rarely', 'psiPossibility': 'Yes, it is definitely possible', 'deepWork': '1–2 hours', 'meditation': 'Occasionally', 'gender': 'Female', 'diagnosis': 'Not sure / Self-diagnosed', 'scrolling': 'Frequently', 'autism': 'Not sure / Self-diagnosed'}"
HVYh5VwKVGEbCCowHea8,ctudEjSvxOSDr8pVN8fDU1YvfNg1,baseline,,2026-01-23T18:01:13.284000+00:00,,,,,,,
HYPqYk7RlMrvbP9I3tJz,RGsyXh5mJSU66WiEQJ0IMCeYkXy2,ai_agent,,2026-01-28T15:20:20.532000+00:00,2263.0,4500.0,0.5028888888888889,30.0,30.0,True,
HjBXdDV9FoZ3Lat409LU,fyHqSQOTTWPNCDtghoIoJsWmIx22,human,,2025-12-20T07:56:42.283000+00:00,2254.0,4500.0,0.5008888888888889,30.0,30.0,True,"{'age': 21, 'clarityNow': 4, 'screenTime': 5, 'flow': 'Occasionally', 'psiPossibility': 'No way / Impossible', 'deepWork': 'Less than 1 hour', 'meditation': 'Occasionally', 'gender': 'Male', 'diagnosis': 'No', 'scrolling': 'Frequently', 'autism': 'No'}"
HlYXWPvl6QmKR9HijA2G,ub0CmVvXqlNS1HfCP7GEFAMRPcw2,ai_agent,,2025-10-25T23:40:40.264000+00:00,2267.0,4500.0,0.5037777777777778,30.0,30.0,True,
HqzDSomkZEfr3jSmqLBo,y612YV0ACNSi8gs6TnC3QIueQi23,baseline,,2025-12-23T22:43:32.544000+00:00,2275.0,4500.0,0.5055555555555555,30.0,30.0,True,"{'age': 59, 'clarityNow': 4, 'screenTime': 5, 'flow': 'Occasionally', 'psiPossibility': 'I am open to the possibility', 'deepWork': 'Rarely or never', 'meditation': 'Yes, daily', 'gender': 'Female', 'diagnosis': 'Not sure / Self-diagnosed', 'scrolling': 'Frequently', 'autism': 'No'}"
Htm4kIDELhkkvjK1h6S3,ZMO2YYSTZ9f4hPZqQffebxAmnyp1,ai_agent,,2026-01-27T01:45:33.445000+00:00,2262.0,4500.0,0.5026666666666667,30.0,30.0,True,
HwLRnLWSV7479TNPQla0,ctudEjSvxOSDr8pVN8fDU1YvfNg1,baseline,,2026-01-16T06:09:53.956000+00:00,2252.0,4500.0,0.5004444444444445,30.0,30.0,True,
I7JKwFdlKQQDcTyHW9Ec,ZMO2YYSTZ9f4hPZqQffebxAmnyp1,ai_agent,,2026-01-27T01:47:56.199000+00:00,2223.0,4500.0,0.494,30.0,30.0,True,
I8R9Q9kOsMXTnD0XGevD,wvToPbdcnOhWXWmVQHA2pBinMb43,baseline,,2026-01-29T15:52:23.653000+00:00,2239.0,4500.0,0.49755555555555553,30.0,30.0,True,
IBkTkQW4UdlzxNjvxCJu,qU0QBkJVcQVxLfOMOLwHLfrbEQn2,human,,2025-12-15T18:41:12.261000+00:00,2259.0,4500.0,0.502,30.0,30.0,True,"{'age': 36, 'clarityNow': 3, 'screenTime': 12, 'flow': 'Often', 'psiPossibility': 'I am open to the possibility', 'deepWork': 'Less than 1 hour', 'meditation': 'Rarely or never', 'gender': 'Male', 'diagnosis': 'No', 'scrolling': 'Frequently', 'autism': 'No'}"
IGQfuvqVpTpuzBaTL7rh,ZMO2YYSTZ9f4hPZqQffebxAmnyp1,ai_agent,,2026-01-27T01:36:19.604000+00:00,2274.0,4500.0,0.5053333333333333,30.0,30.0,True,
IOajSKM1vaRvc75OfGqb,wvToPbdcnOhWXWmVQHA2pBinMb43,baseline,,2026-01-29T19:54:40.518000+00:00,2238.0,4500.0,0.49733333333333335,30.0,30.0,True,
ISFZwMPaUmpwyPtnEQ5q,wvToPbdcnOhWXWmVQHA2pBinMb43,baseline,,2026-01-29T19:40:23.209000+00:00,2187.0,4500.0,0.486,30.0,30.0,True,
Ig8FI5zX9hglpA0CPtef,RGsyXh5mJSU66WiEQJ0IMCeYkXy2,ai_agent,,2026-01-28T15:27:25.738000+00:00,2282.0,4500.0,0.5071111111111111,30.0,30.0,True,
IhmCdhOpRtCmk7ONqPs8,RGsyXh5mJSU66WiEQJ0IMCeYkXy2,ai_agent,,2026-01-28T15:36:31.531000+00:00,2219.0,4500.0,0.4931111111111111,30.0,30.0,True,
IwPXRjBAnPNXvJsDslsR,UD8ZhW8elDM3XCzmtzhMfK6k9Bo1,human,,2025-12-14T13:12:36.563000+00:00,2177.0,4500.0,0.48377777777777775,30.0,30.0,True,"{'age': 24, 'clarityNow': 7, 'screenTime': 3, 'flow': 'Occasionally', 'psiPossibility': 'I am skeptical', 'deepWork': '1–2 hours', 'meditation': 'Occasionally', 'gender': 'Nonbinary', 'diagnosis': 'No', 'scrolling': 'Sometimes', 'autism': 'Not sure / Self-diagnosed'}"
JM1riACS5VLk6Muzyqch,mr70epVjC5OAEHxiGuht2h2T6qH2,ai_agent,,2026-01-26T16:42:01.533000+00:00,2186.0,4500.0,0.48577777777777775,30.0,30.0,True,
JZ7ehqMJHLPc4hYbtul8,ZMO2YYSTZ9f4hPZqQffebxAmnyp1,ai_agent,,2026-01-27T01:29:02.815000+00:00,2296.0,4500.0,0.5102222222222222,30.0,30.0,True,
Ja9j0eR5l1aXrkUjlKm9,OQ8WG5aCeUdyF59QZmWRUkmeczs1,ai_agent,,2026-01-24T01:25:48.018000+00:00,2265.0,4500.0,0.5033333333333333,30.0,30.0,True,
JaiDXiTOhuP9l7gFhqr4,y612YV0ACNSi8gs6TnC3QIueQi23,baseline,,2025-12-23T22:27:08.373000+00:00,2297.0,4500.0,0.5104444444444445,30.0,30.0,True,"{'age': 59, 'clarityNow': 4, 'screenTime': 5, 'flow': 'Occasionally', 'psiPossibility': 'I am open to the possibility', 'deepWork': 'Rarely or never', 'meditation': 'Yes, daily', 'gender': 'Female', 'diagnosis': 'Not sure / Self-diagnosed', 'scrolling': 'Frequently', 'autism': 'No'}"
JgEX2Xle0fJGrCQogf9J,ctudEjSvxOSDr8pVN8fDU1YvfNg1,baseline,,2026-01-23T18:00:01.290000+00:00,,,,,,,
JnPd8Jr7EU7p7YTg2sDk,RGsyXh5mJSU66WiEQJ0IMCeYkXy2,ai_agent,,2026-01-28T15:15:27.115000+00:00,2301.0,4500.0,0.5113333333333333,30.0,30.0,True,
Jvzu6uH05pCGLVoD7n4G,ctudEjSvxOSDr8pVN8fDU1YvfNg1,baseline,,2026-01-16T06:14:00.255000+00:00,2244.0,4500.0,0.49866666666666665,30.0,30.0,True,
K280CPP9IQzVFXq8RL2S,ctudEjSvxOSDr8pVN8fDU1YvfNg1,baseline,,2026-01-23T18:02:09.284000+00:00,,,,,,,
K3FDjc18ckx5IVico1Z7,ePVG1JFkkgYaFF5nm9hFvhWvxjH3,human,,2025-12-16T00:03:07.581000+00:00,2228.0,4500.0,0.4951111111111111,30.0,30.0,True,"{'age': 31, 'clarityNow': 10, 'screenTime': 5, 'flow': 'Often', 'psiPossibility': 'Yes, it is definitely possible', 'deepWork': 'More than 2 hours', 'meditation': 'Yes, daily', 'gender': 'Male', 'diagnosis': 'No', 'scrolling': 'Frequently', 'autism': 'No'}"
KO2lQLQisueW2xcW6KSI,WKdyYYBDKNUoQPwdmsXZ47o9NA02,human,,2025-12-09T21:25:54.310000+00:00,2265.0,4500.0,0.5033333333333333,30.0,30.0,True,"{'age': 28, 'clarityNow': 2, 'screenTime': 4, 'flow': 'Occasionally', 'deepWork': 'More than 2 hours', 'meditation': 'Rarely or never', 'gender': 'Female', 'diagnosis': 'No', 'scrolling': 'Frequently', 'autism': 'No'}"
KOLGz3IFw6KCkFN6fjaj,I8Fesxc9gYMypdf9O0TRZULuBBQ2,ai_agent,,2026-01-23T01:50:37.854000+00:00,2207.0,4500.0,0.49044444444444446,30.0,30.0,True,
KffH33G1mGly2AANgkKp,LJn18WLLY5b9UkAOSPFHZBSQsZ83,ai_agent,,2025-10-23T23:28:56.386000+00:00,2249.0,4500.0,0.49977777777777777,30.0,30.0,True,
KnqzX4LZIoiYd5gMSKLI,a0xrSPv0u4PSW6q88X2qQmR8Fcu2,ai_agent,,2025-11-19T18:49:23.647000+00:00,2272.0,4500.0,0.5048888888888889,30.0,30.0,True,
LBIBPedN63R3DoMLdTq3,mr70epVjC5OAEHxiGuht2h2T6qH2,ai_agent,,2026-01-26T16:37:06.650000+00:00,2280.0,4500.0,0.5066666666666667,30.0,30.0,True,
LIpj7TMjTRdYMsUU7Fto,y612YV0ACNSi8gs6TnC3QIueQi23,baseline,,2025-10-17T22:54:25.781000+00:00,2244.0,4500.0,0.49866666666666665,30.0,30.0,False,"{'age': 59, 'clarityNow': 4, 'screenTime': 5, 'flow': 'Occasionally', 'psiPossibility': 'I am open to the possibility', 'deepWork': 'Rarely or never', 'meditation': 'Yes, daily', 'gender': 'Female', 'diagnosis': 'Not sure / Self-diagnosed', 'scrolling': 'Frequently', 'autism': 'No'}"
LtddqCfoc6SWvzkMBxU6,2SSbYX237jR9aOfq1lvxvxeR8LF2,ai_agent,,2026-01-22T03:52:07.168000+00:00,2250.0,4500.0,0.5,30.0,30.0,True,
LzMkUuEcNhNYy6Bsck1N,ub0CmVvXqlNS1HfCP7GEFAMRPcw2,ai_agent,,2025-10-25T23:35:38.400000+00:00,2248.0,4500.0,0.49955555555555553,30.0,30.0,True,
M0HcauOsfizScMwMnzW1,I8Fesxc9gYMypdf9O0TRZULuBBQ2,ai_agent,,2026-01-23T01:48:04.572000+00:00,2273.0,4500.0,0.5051111111111111,30.0,30.0,True,
M83Kxlcca6jg1uIIOEOY,y612YV0ACNSi8gs6TnC3QIueQi23,baseline,,2025-12-13T03:10:54.820000+00:00,2270.0,4500.0,0.5044444444444445,30.0,30.0,True,"{'age': 59, 'clarityNow': 4, 'screenTime': 5, 'flow': 'Occasionally', 'psiPossibility': 'I am open to the possibility', 'deepWork': 'Rarely or never', 'meditation': 'Yes, daily', 'gender': 'Female', 'diagnosis': 'Not sure / Self-diagnosed', 'scrolling': 'Frequently', 'autism': 'No'}"
MIQyv1dpJc8ISP6xM8zF,y612YV0ACNSi8gs6TnC3QIueQi23,baseline,,2025-10-27T23:48:08.624000+00:00,2245.0,4500.0,0.4988888888888889,30.0,30.0,True,"{'age': 59, 'clarityNow': 4, 'screenTime': 5, 'flow': 'Occasionally', 'psiPossibility': 'I am open to the possibility', 'deepWork': 'Rarely or never', 'meditation': 'Yes, daily', 'gender': 'Female', 'diagnosis': 'Not sure / Self-diagnosed', 'scrolling': 'Frequently', 'autism': 'No'}"
MLbUAcTS48K1rHXPTAU3,wvToPbdcnOhWXWmVQHA2pBinMb43,baseline,,2026-01-29T16:01:06.670000+00:00,2296.0,4500.0,0.5102222222222222,30.0,30.0,True,
MNPe3NuZA3Z3z6OTTNyL,KI1RQQzi5NZDN5b1OIQYW3q4FL43,ai_agent,,2026-01-26T18:43:48.661000+00:00,2252.0,4500.0,0.5004444444444445,30.0,30.0,True,
MOJwnEzmKa5YevdIbnVg,LJn18WLLY5b9UkAOSPFHZBSQsZ83,ai_agent,,2025-10-23T23:24:02.952000+00:00,2257.0,4500.0,0.5015555555555555,30.0,30.0,True,
MRNfFFpYgC0mJQJ1g4Ga,KI1RQQzi5NZDN5b1OIQYW3q4FL43,ai_agent,,2026-01-26T18:20:19.363000+00:00,2287.0,4500.0,0.5082222222222222,30.0,30.0,True,
MSDRG2cqp92L2t9O7jm1,2SSbYX237jR9aOfq1lvxvxeR8LF2,ai_agent,,2026-01-22T03:49:20.909000+00:00,2247.0,4500.0,0.49933333333333335,30.0,30.0,True,
MXILGNNtZXJHkeR8HKF1,wvToPbdcnOhWXWmVQHA2pBinMb43,baseline,,2026-01-29T15:40:34.179000+00:00,2261.0,4500.0,0.5024444444444445,30.0,30.0,True,
MaaJX5CV3UU9KtF0WmLY,jq53JgOHcvMF7N8ZPZRUKS8Labl1,human,,2025-12-09T20:54:36.233000+00:00,2226.0,4500.0,0.49466666666666664,30.0,30.0,True,"{'age': 22, 'clarityNow': 1, 'screenTime': 10, 'flow': 'Occasionally', 'deepWork': 'Rarely or never', 'meditation': 'Rarely or never', 'gender': 'Female', 'diagnosis': 'Not sure / Self-diagnosed', 'scrolling': 'Frequently', 'autism': 'Not sure / Self-diagnosed'}"
Mg3Fmyspj08xnXNg9BB1,2kslhFkcbcX3N5A1zl7Cn2yyOqt1,human,,2025-12-16T05:25:22.957000+00:00,2237.0,4500.0,0.4971111111111111,30.0,30.0,True,
Mk2jOuhsETFfyXygsPMP,y612YV0ACNSi8gs6TnC3QIueQi23,baseline,,2025-10-21T23:59:02.055000+00:00,2231.0,4500.0,0.49577777777777776,30.0,30.0,True,"{'age': 59, 'clarityNow': 4, 'screenTime': 5, 'flow': 'Occasionally', 'psiPossibility': 'I am open to the possibility', 'deepWork': 'Rarely or never', 'meditation': 'Yes, daily', 'gender': 'Female', 'diagnosis': 'Not sure / Self-diagnosed', 'scrolling': 'Frequently', 'autism': 'No'}"
MxFDNjPQf9E5naSp5d7i,KI1RQQzi5NZDN5b1OIQYW3q4FL43,ai_agent,,2026-01-26T18:33:36.055000+00:00,2219.0,4500.0,0.4931111111111111,30.0,30.0,True,
N23DLWR9stDqOpIG5VzZ,vZDDy2uScLYiMFcSGSwsChu4Pks1,human,,2025-12-20T23:18:26.925000+00:00,2223.0,4500.0,0.494,30.0,30.0,True,"{'age': 22, 'clarityNow': 6, 'screenTime': 5, 'flow': 'Rarely', 'psiPossibility': 'I am skeptical', 'deepWork': '1–2 hours', 'meditation': 'Yes, daily', 'gender': 'Male', 'diagnosis': 'No', 'scrolling': 'Sometimes', 'autism': 'No'}"
N27Gl3pnCppf38ZFimS8,wvToPbdcnOhWXWmVQHA2pBinMb43,baseline,,2026-01-29T15:48:23.318000+00:00,2269.0,4500.0,0.5042222222222222,30.0,30.0,True,
N4GtXa7ivUNqOvz09euK,Zt114uZnI5gkBt7Iqv3YsEEXkz32,human,,2025-12-17T02:52:14.367000+00:00,2276.0,4500.0,0.5057777777777778,30.0,30.0,True,"{'age': 23, 'clarityNow': 3, 'screenTime': 6, 'flow': 'Never', 'psiPossibility': 'I am open to the possibility', 'deepWork': 'More than 2 hours', 'meditation': 'Occasionally', 'gender': 'Nonbinary', 'diagnosis': 'Yes', 'scrolling': 'Frequently', 'autism': 'Not sure / Self-diagnosed'}"
NQ3WwSbkMgZjQkQ8DjNj,y612YV0ACNSi8gs6TnC3QIueQi23,human,,2025-10-24T23:03:57.198000+00:00,2287.0,4500.0,0.5082222222222222,30.0,30.0,True,"{'age': 59, 'clarityNow': 4, 'screenTime': 5, 'flow': 'Occasionally', 'psiPossibility': 'I am open to the possibility', 'deepWork': 'Rarely or never', 'meditation': 'Yes, daily', 'gender': 'Female', 'diagnosis': 'Not sure / Self-diagnosed', 'scrolling': 'Frequently', 'autism': 'No'}"
NU6wDavOKtivdoPWTqoS,KS0OSWtdmCY0Pz5uMO6h9xso8YK2,human,,2025-12-01T23:37:19.543000+00:00,2193.0,4500.0,0.48733333333333334,30.0,30.0,True,"{'age': 59, 'clarityNow': 6, 'screenTime': 4, 'flow': 'Occasionally', 'deepWork': 'Less than 1 hour', 'meditation': 'Yes, daily', 'gender': 'Female', 'diagnosis': 'Not sure / Self-diagnosed', 'scrolling': 'Frequently', 'autism': 'No'}"
NXeSS66Gu04L83Qgl4dM,wpb2rvaHhEXkdUratYdjRpreew13,ai_agent,,2026-01-23T18:41:33.641000+00:00,2231.0,4500.0,0.49577777777777776,30.0,30.0,True,
OJOIRXB8cNm4BHuKQTWD,PmjLwsFhjjhg42sukhjhfCpaHdP2,human,,2025-12-11T17:11:06.797000+00:00,2267.0,4500.0,0.5037777777777778,30.0,30.0,True,"{'age': 28, 'clarityNow': 7, 'screenTime': 1, 'flow': 'Occasionally', 'psiPossibility': 'I am open to the possibility', 'deepWork': 'More than 2 hours', 'meditation': 'Yes, a few times per week', 'gender': 'Female', 'diagnosis': 'No', 'scrolling': 'Sometimes', 'autism': 'No'}"
OQwT9ZTJuisPc1do75x3,wvToPbdcnOhWXWmVQHA2pBinMb43,baseline,,2026-01-29T15:24:09.312000+00:00,2223.0,4500.0,0.494,30.0,30.0,True,
OaVgQoq4ASxaab4aOcWP,03kRcdKxGGh5DVUeUUK6N5h6pns2,human,,2025-12-18T05:01:26.241000+00:00,2272.0,4500.0,0.5048888888888889,30.0,30.0,True,"{'age': 19, 'clarityNow': 3, 'screenTime': 3, 'flow': 'Rarely', 'psiPossibility': 'Yes, it is definitely possible', 'deepWork': '1–2 hours', 'meditation': 'Yes, a few times per week', 'gender': 'Female', 'diagnosis': 'No', 'scrolling': 'Sometimes', 'autism': 'No'}"
OpqfD4htqK2tUZ9ceP5B,3EAbeCN0blPIJC3yCSm8nnqfx6l1,human,,2025-12-19T01:33:01.572000+00:00,2259.0,4500.0,0.502,30.0,30.0,True,"{'age': 38, 'clarityNow': 4, 'screenTime': 2, 'flow': 'Occasionally', 'psiPossibility': 'I am open to the possibility', 'deepWork': '1–2 hours', 'meditation': 'Yes, a few times per week', 'gender': 'Male', 'diagnosis': 'No', 'scrolling': 'Sometimes', 'autism': 'No'}"
OxHLfiT4HUbc5m2vt8Sb,wvToPbdcnOhWXWmVQHA2pBinMb43,baseline,,2026-01-29T15:39:17.729000+00:00,2230.0,4500.0,0.4955555555555556,30.0,30.0,True,
PDyedh1nleL1ElTH53RE,0Uy4jAYoaXaujO1V9FWpNT3VTgG3,human,,2025-11-20T23:22:03.541000+00:00,,,,,,,"{'age': 19, 'clarityNow': 7, 'screenTime': 4, 'flow': 'Rarely', 'deepWork': 'Less than 1 hour', 'meditation': 'Rarely or never', 'gender': 'Male', 'diagnosis': 'No', 'scrolling': 'Rarely', 'autism': 'No'}"
PMZIRH8wYVIv08JO4fVv,iHhK3k6E7FZi7q0J60Ugd2YSRnq1,ai_agent,,2025-10-19T20:55:24.504000+00:00,2313.0,4500.0,0.514,30.0,30.0,False,
POSKHlh0FZLYjKYy5Lln,mr70epVjC5OAEHxiGuht2h2T6qH2,ai_agent,,2026-01-26T16:51:35.617000+00:00,862.0,1650.0,0.5224242424242425,11.0,30.0,False,
PVOyg7axElbBJ3FDmvea,9W2xGEIXsgZ9amiiOUtIjBuzd6u2,human,,2025-12-25T12:25:04.121000+00:00,2272.0,4500.0,0.5048888888888889,30.0,30.0,True,"{'age': 34, 'clarityNow': 6, 'screenTime': 5, 'flow': 'Occasionally', 'psiPossibility': 'Yes, it is definitely possible', 'deepWork': '1–2 hours', 'meditation': 'Yes, a few times per week', 'gender': 'Male', 'diagnosis': 'Yes', 'scrolling': 'Sometimes', 'autism': 'Yes'}"
PWGqm2jpffnVQuj4zZDY,OP4lnA4nW9cVUwE2d4VCQnnwSjf1,human,,2025-12-22T15:10:07.271000+00:00,2246.0,4500.0,0.4991111111111111,30.0,30.0,True,"{'age': 22, 'clarityNow': 4, 'screenTime': 3, 'flow': 'Often', 'psiPossibility': 'No way / Impossible', 'deepWork': '1–2 hours', 'meditation': 'Rarely or never', 'gender': 'Female', 'diagnosis': 'No', 'scrolling': 'Frequently', 'autism': 'No'}"
PaI05nsbXFYSMpZMjO3O,tWCoChndr1QfhUD8uh6RW574j0K3,human,,2025-12-16T00:59:22.363000+00:00,2204.0,4500.0,0.48977777777777776,30.0,30.0,True,"{'age': 52, 'clarityNow': 8, 'screenTime': 10, 'flow': 'Often', 'psiPossibility': 'Yes, it is definitely possible', 'deepWork': 'More than 2 hours', 'meditation': 'Rarely or never', 'gender': 'Male', 'diagnosis': 'Yes', 'scrolling': 'Frequently', 'autism': 'Yes'}"
PigxvDZMhES2bOimcHLv,ctudEjSvxOSDr8pVN8fDU1YvfNg1,baseline,,2026-01-16T06:19:25.666000+00:00,2262.0,4500.0,0.5026666666666667,30.0,30.0,True,
Pyw6Hq5yN9JaAifZWjtT,AuEnmUwHpJNJWHW5ljRLYUt0vGz1,human,,2025-12-15T17:38:50.933000+00:00,2275.0,4500.0,0.5055555555555555,30.0,30.0,True,"{'age': 22, 'clarityNow': 6, 'screenTime': 5, 'flow': 'Occasionally', 'psiPossibility': 'No way / Impossible', 'deepWork': 'Less than 1 hour', 'meditation': 'Rarely or never', 'gender': 'Female', 'diagnosis': 'No', 'scrolling': 'Sometimes', 'autism': 'No'}"
QG6vNR7aKjbps7sWh4yT,jyyg029jDNPeJ16Oj5VIYUe2uBz1,human,,2025-12-14T13:01:29.321000+00:00,2287.0,4500.0,0.5082222222222222,30.0,30.0,True,"{'age': 23, 'clarityNow': 6, 'screenTime': 9, 'flow': 'Occasionally', 'psiPossibility': 'Yes, it is definitely possible', 'deepWork': '1–2 hours', 'meditation': 'Occasionally', 'gender': 'Female', 'diagnosis': 'No', 'scrolling': 'Sometimes', 'autism': 'No'}"
QMP7WfMg8G0OSTBGxqMQ,lPcFRjP9RLT7iyEcYy8mMCyL6Vp2,human,,2025-12-20T17:45:49.591000+00:00,2243.0,4500.0,0.49844444444444447,30.0,30.0,True,"{'age': 22, 'clarityNow': 9, 'screenTime': 4, 'flow': 'Occasionally', 'psiPossibility': 'I am skeptical', 'deepWork': '1–2 hours', 'meditation': 'Rarely or never', 'gender': 'Female', 'diagnosis': 'No', 'scrolling': 'Sometimes', 'autism': 'No'}"
QaXM9xawgfqpBilK2kLN,iHhK3k6E7FZi7q0J60Ugd2YSRnq1,ai_agent,,2025-10-19T20:52:52.538000+00:00,2270.0,4500.0,0.5044444444444445,30.0,30.0,False,
QwUdis1x9Fy9H6wyjimB,y612YV0ACNSi8gs6TnC3QIueQi23,human,,2025-10-20T22:01:11.190000+00:00,2277.0,4500.0,0.506,30.0,30.0,True,"{'age': 59, 'clarityNow': 4, 'screenTime': 5, 'flow': 'Occasionally', 'psiPossibility': 'I am open to the possibility', 'deepWork': 'Rarely or never', 'meditation': 'Yes, daily', 'gender': 'Female', 'diagnosis': 'Not sure / Self-diagnosed', 'scrolling': 'Frequently', 'autism': 'No'}"
R0zpeNgp5MhIT1R15jfs,RGsyXh5mJSU66WiEQJ0IMCeYkXy2,ai_agent,,2026-01-28T15:38:41.597000+00:00,2218.0,4500.0,0.4928888888888889,30.0,30.0,True,
RJpNVBiXcjpBcwZRSo6E,5BVUOs1ELVhM42HDWZZwFXSrQEI3,human,,2025-12-10T12:43:06.684000+00:00,2263.0,4500.0,0.5028888888888889,30.0,30.0,True,"{'age': 55, 'clarityNow': 7, 'screenTime': 2, 'flow': 'Often', 'deepWork': 'Less than 1 hour', 'meditation': 'Occasionally', 'gender': 'Female', 'diagnosis': 'No', 'scrolling': 'Sometimes', 'autism': 'No'}"
RbDOMWTlF3y1zi25zVL3,wpb2rvaHhEXkdUratYdjRpreew13,ai_agent,,2026-01-23T18:44:08.363000+00:00,2273.0,4500.0,0.5051111111111111,30.0,30.0,True,
RhVC5n9LsmAc7TAkZbrv,HX4YSxNsB8RWWSagi6mhVVCkSsV2,human,,2025-12-28T17:04:40.949000+00:00,2264.0,4500.0,0.5031111111111111,30.0,30.0,True,"{'age': 28, 'clarityNow': 7, 'screenTime': 5, 'flow': 'Occasionally', 'psiPossibility': 'I am open to the possibility', 'deepWork': 'More than 2 hours', 'meditation': 'Rarely or never', 'gender': 'Female', 'diagnosis': 'Not sure / Self-diagnosed', 'scrolling': 'Sometimes', 'autism': 'No'}"
Rq1bkkCBIxvQUlPzQquk,EIp3IGoh19Qy51naTInvupRTCWz1,human,,2025-12-09T01:38:47.208000+00:00,2196.0,4500.0,0.488,30.0,30.0,True,"{'age': 52, 'clarityNow': 8, 'screenTime': 3, 'flow': 'Occasionally', 'deepWork': 'More than 2 hours', 'meditation': 'Yes, daily', 'gender': 'Male', 'diagnosis': 'No', 'scrolling': 'Sometimes', 'autism': 'No'}"
RwcpHwRBaPoRb4vBBXTi,wvToPbdcnOhWXWmVQHA2pBinMb43,baseline,,2026-01-29T16:09:52.691000+00:00,2267.0,4500.0,0.5037777777777778,30.0,30.0,True,
S8yOZi2Skfx5FdoCuiUR,y612YV0ACNSi8gs6TnC3QIueQi23,human,,2025-10-26T23:47:52.395000+00:00,2296.0,4500.0,0.5102222222222222,30.0,30.0,True,"{'age': 59, 'clarityNow': 4, 'screenTime': 5, 'flow': 'Occasionally', 'psiPossibility': 'I am open to the possibility', 'deepWork': 'Rarely or never', 'meditation': 'Yes, daily', 'gender': 'Female', 'diagnosis': 'Not sure / Self-diagnosed', 'scrolling': 'Frequently', 'autism': 'No'}"
SIR36t9PZ5bz0PZ51neZ,R5z46WrPwtbxut3o5fESlJx6yfa2,human,,2025-12-10T01:56:34.902000+00:00,2262.0,4500.0,0.5026666666666667,30.0,30.0,True,"{'age': 25, 'clarityNow': 6, 'screenTime': 3, 'flow': 'Occasionally', 'deepWork': 'More than 2 hours', 'meditation': 'Occasionally', 'gender': 'Female', 'diagnosis': 'Yes', 'scrolling': 'Frequently', 'autism': 'Not sure / Self-diagnosed'}"
SQXFqK8I8BkrN4lulxRj,PVvwfKW8a7NGGw4wiljFa4Y0EtX2,human,,2025-12-11T16:03:04.790000+00:00,2333.0,4500.0,0.5184444444444445,30.0,30.0,True,"{'age': 20, 'clarityNow': 6, 'screenTime': 6, 'flow': 'Occasionally', 'psiPossibility': 'No way / Impossible', 'deepWork': '1–2 hours', 'meditation': 'Rarely or never', 'gender': 'Female', 'diagnosis': 'No', 'scrolling': 'Sometimes', 'autism': 'No'}"
Sq8CbvAH8cTAWAOcEtJq,OQ8WG5aCeUdyF59QZmWRUkmeczs1,ai_agent,,2026-01-24T01:28:25.889000+00:00,2224.0,4500.0,0.49422222222222223,30.0,30.0,True,
T2QGGINTPyO6vwzk6VUC,2SSbYX237jR9aOfq1lvxvxeR8LF2,ai_agent,,2026-01-22T04:00:29.141000+00:00,2202.0,4500.0,0.48933333333333334,30.0,30.0,True,
TFgnwfLQjiCeEma9hxLu,wvToPbdcnOhWXWmVQHA2pBinMb43,baseline,,2026-01-29T20:02:26.538000+00:00,2265.0,4500.0,0.5033333333333333,30.0,30.0,True,
TMSHY0od2bLOSKNNfbd2,y612YV0ACNSi8gs6TnC3QIueQi23,baseline,,2025-10-27T23:45:40.409000+00:00,2298.0,4500.0,0.5106666666666667,30.0,30.0,True,"{'age': 59, 'clarityNow': 4, 'screenTime': 5, 'flow': 'Occasionally', 'psiPossibility': 'I am open to the possibility', 'deepWork': 'Rarely or never', 'meditation': 'Yes, daily', 'gender': 'Female', 'diagnosis': 'Not sure / Self-diagnosed', 'scrolling': 'Frequently', 'autism': 'No'}"
TOb53Coyt7S0M44eXMan,RGsyXh5mJSU66WiEQJ0IMCeYkXy2,ai_agent,,2026-01-28T15:25:09.014000+00:00,2267.0,4500.0,0.5037777777777778,30.0,30.0,True,
UBJ2Rhr7NkF5QgIYuu8W,I8Fesxc9gYMypdf9O0TRZULuBBQ2,ai_agent,,2026-01-23T01:55:48.386000+00:00,2230.0,4500.0,0.4955555555555556,30.0,30.0,True,
UGPzUJSrWSp5ixpdViYU,GkDR0s3OA6eW6Maa6bFVoy37y6b2,human,,2025-12-23T11:10:44.011000+00:00,2264.0,4500.0,0.5031111111111111,30.0,30.0,True,"{'age': 46, 'clarityNow': 10, 'screenTime': 3, 'flow': 'Often', 'psiPossibility': 'Yes, it is definitely possible', 'deepWork': '1–2 hours', 'meditation': 'Occasionally', 'gender': 'Female', 'diagnosis': 'Not sure / Self-diagnosed', 'scrolling': 'Frequently', 'autism': 'Yes'}"
VDKjcmywQJV3FxEfYt9x,ZMO2YYSTZ9f4hPZqQffebxAmnyp1,ai_agent,,2026-01-27T01:52:57.872000+00:00,2259.0,4500.0,0.502,30.0,30.0,True,
VfdjAKulNRv2ScqkYHPC,wpb2rvaHhEXkdUratYdjRpreew13,ai_agent,,2026-01-23T18:46:48.203000+00:00,2195.0,4500.0,0.48777777777777775,30.0,30.0,True,
VmqApbbQbSqLW47GMbFE,TbGhOgxIl5RDS0jzNPd1w7YPezD3,human,,2025-12-23T16:41:12.302000+00:00,2247.0,4500.0,0.49933333333333335,30.0,30.0,True,"{'age': 21, 'clarityNow': 9, 'screenTime': 3, 'flow': 'Occasionally', 'psiPossibility': 'I am open to the possibility', 'deepWork': '1–2 hours', 'meditation': 'Occasionally', 'gender': 'Female', 'diagnosis': 'No', 'scrolling': 'Rarely', 'autism': 'No'}"
VyXZGL0ugO9dRUJKPs5Y,wvToPbdcnOhWXWmVQHA2pBinMb43,baseline,,2026-01-29T16:07:42.691000+00:00,2245.0,4500.0,0.4988888888888889,30.0,30.0,True,
WnSB2jajR2jDv6jb7AhB,RGsyXh5mJSU66WiEQJ0IMCeYkXy2,ai_agent,,2026-01-28T15:29:43.029000+00:00,2259.0,4500.0,0.502,30.0,30.0,True,
Wo2yuXGw2HqGLZsLKg4b,OqwRuW4z58bFpP9RD3IXdrw8a2h2,human,,2025-12-17T16:07:08.628000+00:00,2251.0,4500.0,0.5002222222222222,30.0,30.0,True,"{'age': 43, 'clarityNow': 4, 'screenTime': 1, 'flow': 'Often', 'psiPossibility': 'I am skeptical', 'deepWork': '1–2 hours', 'meditation': 'Rarely or never', 'gender': 'Male', 'diagnosis': 'No', 'scrolling': 'Rarely', 'autism': 'No'}"
WrFVSA0hRkITXHBL74mo,011cjEeUisfuCOOwu0YlTQmIULY2,human,,2025-12-10T17:41:35.965000+00:00,2265.0,4500.0,0.5033333333333333,30.0,30.0,True,"{'age': 59, 'clarityNow': 4, 'screenTime': 5, 'flow': 'Often', 'psiPossibility': 'I am open to the possibility', 'deepWork': 'Less than 1 hour', 'meditation': 'Yes, daily', 'gender': 'Female', 'diagnosis': 'Not sure / Self-diagnosed', 'scrolling': 'Frequently', 'autism': 'No'}"
WuwF9kubadJLKzgHjpAJ,aj2PSAxOmadGQylCj6000WszNWv2,human,,2025-12-23T04:50:14.216000+00:00,2306.0,4500.0,0.5124444444444445,30.0,30.0,True,"{'age': 34, 'clarityNow': 7, 'screenTime': 2, 'flow': 'Occasionally', 'psiPossibility': 'Yes, it is definitely possible', 'deepWork': '1–2 hours', 'meditation': 'Yes, daily', 'gender': 'Female', 'diagnosis': 'Yes', 'scrolling': 'Sometimes', 'autism': 'Not sure / Self-diagnosed'}"
X8vF8Z7fy0woFlq9f0QI,0G37Iq3kMxSs2YohGEoNvJvB4Wa2,human,,2025-11-20T23:21:59.792000+00:00,,,,,,,"{'age': 19, 'clarityNow': 7, 'screenTime': 6, 'flow': 'Often', 'deepWork': 'More than 2 hours', 'meditation': 'Occasionally', 'autism': 'No', 'gender': 'Male', 'scrolling': 'Frequently', 'diagnosis': 'No'}"
XCdsoDBfZljIJc561Y0F,wvToPbdcnOhWXWmVQHA2pBinMb43,baseline,,2026-01-29T15:47:03.396000+00:00,2245.0,4500.0,0.4988888888888889,30.0,30.0,True,
XMNeHY61jjCZ8Xv4anWZ,y612YV0ACNSi8gs6TnC3QIueQi23,baseline,,2025-10-27T23:43:10.928000+00:00,2258.0,4500.0,0.5017777777777778,30.0,30.0,True,"{'age': 59, 'clarityNow': 4, 'screenTime': 5, 'flow': 'Occasionally', 'psiPossibility': 'I am open to the possibility', 'deepWork': 'Rarely or never', 'meditation': 'Yes, daily', 'gender': 'Female', 'diagnosis': 'Not sure / Self-diagnosed', 'scrolling': 'Frequently', 'autism': 'No'}"
XdxUig93I9cNooXzNja9,zwVLD96Jmsdy4n2yFsouXODAJSD2,human,,2025-12-28T20:25:54.360000+00:00,2277.0,4500.0,0.506,30.0,30.0,True,"{'age': 29, 'clarityNow': 2, 'screenTime': 5, 'flow': 'Rarely', 'deepWork': 'More than 2 hours', 'meditation': 'Occasionally', 'gender': 'Female', 'diagnosis': 'Yes', 'scrolling': 'Frequently', 'autism': 'No'}"
XpwW0OrZD37Up8Q3YRH0,jq53JgOHcvMF7N8ZPZRUKS8Labl1,human,,2025-12-09T20:47:37.148000+00:00,2216.0,4500.0,0.49244444444444446,30.0,30.0,True,"{'age': 22, 'clarityNow': 1, 'screenTime': 10, 'flow': 'Occasionally', 'deepWork': 'Rarely or never', 'meditation': 'Rarely or never', 'gender': 'Female', 'diagnosis': 'Not sure / Self-diagnosed', 'scrolling': 'Frequently', 'autism': 'Not sure / Self-diagnosed'}"
Xtw2e55QQhqExY5FjLoL,I8Fesxc9gYMypdf9O0TRZULuBBQ2,ai_agent,,2026-01-23T01:45:32.351000+00:00,2248.0,4500.0,0.49955555555555553,30.0,30.0,True,
Xwu3CVFNspcoskI1cDsl,4fkOou1KRARndAN85xUjWXGMeV22,human,,2025-12-19T11:07:38.330000+00:00,2250.0,4500.0,0.5,30.0,30.0,True,"{'age': 41, 'clarityNow': 10, 'screenTime': 12, 'flow': 'Often', 'psiPossibility': 'Yes, it is definitely possible', 'deepWork': 'More than 2 hours', 'meditation': 'Yes, daily', 'gender': 'Prefer not to say', 'diagnosis': 'Not sure / Self-diagnosed', 'scrolling': 'Sometimes', 'autism': 'No'}"
XyhKWzfFQwv4kUpdHnYG,y612YV0ACNSi8gs6TnC3QIueQi23,baseline,,2025-12-23T22:47:24.602000+00:00,2299.0,4500.0,0.5108888888888888,30.0,30.0,True,"{'age': 59, 'clarityNow': 4, 'screenTime': 5, 'flow': 'Occasionally', 'psiPossibility': 'I am open to the possibility', 'deepWork': 'Rarely or never', 'meditation': 'Yes, daily', 'gender': 'Female', 'diagnosis': 'Not sure / Self-diagnosed', 'scrolling': 'Frequently', 'autism': 'No'}"
YA1VnhCMf3CMomiWD6sR,KI1RQQzi5NZDN5b1OIQYW3q4FL43,ai_agent,,2026-01-26T18:14:28.591000+00:00,2230.0,4500.0,0.4955555555555556,30.0,30.0,True,
YAsKtj4Blvm0vRgoMcj2,byQtQyqDF9SeqYBLwG9FJzTCaew2,human,,2025-12-28T11:00:20.873000+00:00,2272.0,4500.0,0.5048888888888889,30.0,30.0,True,"{'age': 21, 'clarityNow': 3, 'screenTime': 6, 'flow': 'Occasionally', 'psiPossibility': 'I am open to the possibility', 'deepWork': '1–2 hours', 'meditation': 'Rarely or never', 'gender': 'Female', 'diagnosis': 'No', 'scrolling': 'Sometimes', 'autism': 'Not sure / Self-diagnosed'}"
YCcrHLCvzPLGNNvDY89N,zwVLD96Jmsdy4n2yFsouXODAJSD2,human,,2025-12-09T21:35:17.014000+00:00,2246.0,4500.0,0.4991111111111111,30.0,30.0,True,"{'age': 29, 'clarityNow': 2, 'screenTime': 5, 'flow': 'Rarely', 'deepWork': 'More than 2 hours', 'meditation': 'Occasionally', 'gender': 'Female', 'diagnosis': 'Yes', 'scrolling': 'Frequently', 'autism': 'No'}"
YJr7BAp1Al9pvuq3eWDg,iwP4NuhwJTgJiOQJ8ahGQh4PfKA2,human,,2026-02-07T14:19:56.763000+00:00,2218.0,4500.0,0.4928888888888889,30.0,30.0,True,"{'age': 35, 'clarityNow': 5, 'screenTime': 7, 'flow': 'Occasionally', 'psiPossibility': 'I am skeptical', 'deepWork': 'More than 2 hours', 'meditation': 'Rarely or never', 'gender': 'Male', 'diagnosis': 'No', 'scrolling': 'Rarely', 'autism': 'No'}"
YKXtENa2qwf2tGDgvz5c,KPhgxq6F6SVY1dVbUSztx9ejiQf2,human,,2025-12-10T11:09:46.341000+00:00,2294.0,4500.0,0.5097777777777778,30.0,30.0,True,"{'age': 18, 'clarityNow': 7, 'screenTime': 8, 'flow': 'Occasionally', 'deepWork': 'More than 2 hours', 'meditation': 'Rarely or never', 'gender': 'Male', 'diagnosis': 'Not sure / Self-diagnosed', 'scrolling': 'Frequently', 'autism': 'Not sure / Self-diagnosed'}"
YcnBMKNOXvKl5M6eG2k3,KS0OSWtdmCY0Pz5uMO6h9xso8YK2,human,,2025-12-01T23:48:54.631000+00:00,2212.0,4500.0,0.4915555555555556,30.0,30.0,True,"{'age': 59, 'clarityNow': 6, 'screenTime': 4, 'flow': 'Occasionally', 'deepWork': 'Less than 1 hour', 'meditation': 'Yes, daily', 'gender': 'Female', 'diagnosis': 'Not sure / Self-diagnosed', 'scrolling': 'Frequently', 'autism': 'No'}"
YhSdpIrzTH61j1xtqkD5,dLcNVxNwc1hYMyi1pg2EvY41Ld33,human,,2025-12-27T16:28:43.561000+00:00,2260.0,4500.0,0.5022222222222222,30.0,30.0,True,"{'age': 40, 'clarityNow': 7, 'screenTime': 2, 'flow': 'Rarely', 'psiPossibility': 'Yes, it is definitely possible', 'deepWork': 'More than 2 hours', 'meditation': 'Occasionally', 'gender': 'Female', 'diagnosis': 'No', 'scrolling': 'Frequently', 'autism': 'No'}"
Z4WeykkSWqr14JQl7cWu,y612YV0ACNSi8gs6TnC3QIueQi23,human,,2025-10-26T23:25:17.392000+00:00,2271.0,4500.0,0.5046666666666667,30.0,30.0,True,"{'age': 59, 'clarityNow': 4, 'screenTime': 5, 'flow': 'Occasionally', 'psiPossibility': 'I am open to the possibility', 'deepWork': 'Rarely or never', 'meditation': 'Yes, daily', 'gender': 'Female', 'diagnosis': 'Not sure / Self-diagnosed', 'scrolling': 'Frequently', 'autism': 'No'}"
Z4jIWX30gyVxGQAwdLbH,qnJdJVxsjweSx3GiZa0eo1XhKH23,human,,2025-12-16T21:25:44.207000+00:00,2269.0,4500.0,0.5042222222222222,30.0,30.0,True,"{'age': 27, 'clarityNow': 3, 'screenTime': 5, 'flow': 'Occasionally', 'psiPossibility': 'I am open to the possibility', 'deepWork': 'Rarely or never', 'meditation': 'Rarely or never', 'gender': 'Female', 'diagnosis': 'No', 'scrolling': 'Frequently', 'autism': 'No'}"
ZM0zaiEfirkApy5BbRL7,2SSbYX237jR9aOfq1lvxvxeR8LF2,ai_agent,,2026-01-22T03:41:41.318000+00:00,2268.0,4500.0,0.504,30.0,30.0,True,
ZOReeFj7ftbZiwv6Fhi0,y612YV0ACNSi8gs6TnC3QIueQi23,human,,2025-10-24T23:17:09.203000+00:00,2287.0,4500.0,0.5082222222222222,30.0,30.0,True,"{'age': 59, 'clarityNow': 4, 'screenTime': 5, 'flow': 'Occasionally', 'psiPossibility': 'I am open to the possibility', 'deepWork': 'Rarely or never', 'meditation': 'Yes, daily', 'gender': 'Female', 'diagnosis': 'Not sure / Self-diagnosed', 'scrolling': 'Frequently', 'autism': 'No'}"
ZVOWVrZmsRsSns5R8WWP,y612YV0ACNSi8gs6TnC3QIueQi23,baseline,,2025-10-27T23:50:37.114000+00:00,2214.0,4500.0,0.492,30.0,30.0,True,"{'age': 59, 'clarityNow': 4, 'screenTime': 5, 'flow': 'Occasionally', 'psiPossibility': 'I am open to the possibility', 'deepWork': 'Rarely or never', 'meditation': 'Yes, daily', 'gender': 'Female', 'diagnosis': 'Not sure / Self-diagnosed', 'scrolling': 'Frequently', 'autism': 'No'}"
ZYsUFTyPWQNUnfgTaObN,mr70epVjC5OAEHxiGuht2h2T6qH2,ai_agent,,2026-01-26T16:39:43.335000+00:00,2274.0,4500.0,0.5053333333333333,30.0,30.0,True,
ZZNe1CQL0QEX7Th6TxzV,KI1RQQzi5NZDN5b1OIQYW3q4FL43,ai_agent,,2026-01-26T18:41:06.515000+00:00,2260.0,4500.0,0.5022222222222222,30.0,30.0,True,
a3kKKWdPLrc7kKaHZaiA,I8Fesxc9gYMypdf9O0TRZULuBBQ2,ai_agent,,2026-01-23T01:35:11.563000+00:00,2251.0,4500.0,0.5002222222222222,30.0,30.0,True,
a5oZugjHy4ocBZs3nX9A,aI8HMwoXDZYB1E3hJikVbpNPvyo1,human,,2025-12-15T20:18:41.752000+00:00,2249.0,4500.0,0.49977777777777777,30.0,30.0,True,"{'age': 36, 'clarityNow': 7, 'screenTime': 12, 'flow': 'Occasionally', 'psiPossibility': 'I am open to the possibility', 'deepWork': '1–2 hours', 'diagnosis': 'No', 'autism': 'Not sure / Self-diagnosed', 'gender': 'Nonbinary', 'scrolling': 'Sometimes', 'meditation': 'Occasionally'}"
aBFEWlXC0skYe5GxCd82,pb2dWWjew9Ybxvf0ZuVsGQwhRTl2,ai_agent,,2025-10-20T22:20:53.442000+00:00,2276.0,4500.0,0.5057777777777778,30.0,30.0,False,
aBHhCtPwN1PPDReLdgRC,wpb2rvaHhEXkdUratYdjRpreew13,ai_agent,,2026-01-23T18:49:25.515000+00:00,2226.0,4500.0,0.49466666666666664,30.0,30.0,True,
aDJA3FdKDWJnfZJkHwYl,aj2PSAxOmadGQylCj6000WszNWv2,human,,2025-12-23T04:56:10.360000+00:00,2254.0,4500.0,0.5008888888888889,30.0,30.0,True,"{'age': 34, 'clarityNow': 7, 'screenTime': 2, 'flow': 'Occasionally', 'psiPossibility': 'Yes, it is definitely possible', 'deepWork': '1–2 hours', 'meditation': 'Yes, daily', 'gender': 'Female', 'diagnosis': 'Yes', 'scrolling': 'Sometimes', 'autism': 'Not sure / Self-diagnosed'}"
aEAlovCqrYOPfVvube3Q,lAOwfPgNVthGgDcXLCBUdwVxXoM2,human,,2025-12-14T11:15:20.234000+00:00,2201.0,4500.0,0.4891111111111111,30.0,30.0,True,"{'age': 36, 'clarityNow': 3, 'screenTime': 3, 'flow': 'Never', 'psiPossibility': 'No way / Impossible', 'deepWork': 'More than 2 hours', 'meditation': 'Yes, a few times per week', 'gender': 'Male', 'diagnosis': 'No', 'scrolling': 'Frequently', 'autism': 'No'}"
asdvMBY7oAw787jMzmSJ,pb2dWWjew9Ybxvf0ZuVsGQwhRTl2,ai_agent,,2025-10-20T22:25:45.084000+00:00,2235.0,4500.0,0.49666666666666665,30.0,30.0,False,
b5fhGstxCmdnndVEwWOx,OQ8WG5aCeUdyF59QZmWRUkmeczs1,ai_agent,,2026-01-24T01:17:59.982000+00:00,2205.0,4500.0,0.49,30.0,30.0,True,
bAYUwNV3kagXPGglrPfo,TXO7dg7U12XXwHpEmU9cvigzfRb2,human,,2025-12-22T17:45:44.446000+00:00,2271.0,4500.0,0.5046666666666667,30.0,30.0,True,"{'age': 31, 'clarityNow': 4, 'screenTime': 3, 'flow': 'Occasionally', 'psiPossibility': 'I am open to the possibility', 'deepWork': '1–2 hours', 'meditation': 'Yes, daily', 'gender': 'Female', 'diagnosis': 'Yes', 'scrolling': 'Sometimes', 'autism': 'Not sure / Self-diagnosed'}"
bL7Hbm8xVh0vsH7pblgx,47eADq58ijT3sCzcIsCa4HB3VoE2,human,,2025-12-15T00:25:08.650000+00:00,2282.0,4500.0,0.5071111111111111,30.0,30.0,True,"{'age': 54, 'clarityNow': 4, 'screenTime': 7, 'flow': 'Occasionally', 'psiPossibility': 'Yes, it is definitely possible', 'deepWork': '1–2 hours', 'meditation': 'Occasionally', 'gender': 'Female', 'diagnosis': 'No', 'scrolling': 'Frequently', 'autism': 'No'}"
bbFeUDcSJqWEvSQdLz3C,ZMO2YYSTZ9f4hPZqQffebxAmnyp1,ai_agent,,2026-01-27T01:34:03.450000+00:00,2234.0,4500.0,0.49644444444444447,30.0,30.0,True,
bdh58wOdpU4YHFf1CYqf,y612YV0ACNSi8gs6TnC3QIueQi23,human,,2025-11-19T18:23:59.453000+00:00,2248.0,4500.0,0.49955555555555553,30.0,30.0,True,"{'age': 59, 'clarityNow': 4, 'screenTime': 5, 'flow': 'Occasionally', 'psiPossibility': 'I am open to the possibility', 'deepWork': 'Rarely or never', 'meditation': 'Yes, daily', 'gender': 'Female', 'diagnosis': 'Not sure / Self-diagnosed', 'scrolling': 'Frequently', 'autism': 'No'}"
c6pVol3oJMotZXBpVmXs,GkDR0s3OA6eW6Maa6bFVoy37y6b2,human,,2025-12-23T11:27:00.514000+00:00,2255.0,4500.0,0.5011111111111111,30.0,30.0,True,"{'age': 46, 'clarityNow': 10, 'screenTime': 3, 'flow': 'Often', 'psiPossibility': 'Yes, it is definitely possible', 'deepWork': '1–2 hours', 'meditation': 'Occasionally', 'gender': 'Female', 'diagnosis': 'Not sure / Self-diagnosed', 'scrolling': 'Frequently', 'autism': 'Yes'}"
cBdL7gZSQMVQ5CPlIdsc,2SSbYX237jR9aOfq1lvxvxeR8LF2,ai_agent,,2026-01-22T04:03:28.054000+00:00,2181.0,4500.0,0.4846666666666667,30.0,30.0,True,
cFY49bgOZXAAvPiRU8xS,y612YV0ACNSi8gs6TnC3QIueQi23,baseline,,2025-12-23T22:39:41.483000+00:00,2247.0,4500.0,0.49933333333333335,30.0,30.0,True,"{'age': 59, 'clarityNow': 4, 'screenTime': 5, 'flow': 'Occasionally', 'psiPossibility': 'I am open to the possibility', 'deepWork': 'Rarely or never', 'meditation': 'Yes, daily', 'gender': 'Female', 'diagnosis': 'Not sure / Self-diagnosed', 'scrolling': 'Frequently', 'autism': 'No'}"
cJLZZsAnpH9QmhJTAMFW,wvToPbdcnOhWXWmVQHA2pBinMb43,baseline,,2026-01-29T19:41:41.221000+00:00,2232.0,4500.0,0.496,30.0,30.0,True,
cSvdzP7AxDa5toWf45Hb,I8Fesxc9gYMypdf9O0TRZULuBBQ2,ai_agent,,2026-01-23T01:58:28.665000+00:00,2286.0,4500.0,0.508,30.0,30.0,True,
cTvP7NFio87dvuALsCVC,wvToPbdcnOhWXWmVQHA2pBinMb43,baseline,,2026-01-29T15:36:32.968000+00:00,2222.0,4500.0,0.49377777777777776,30.0,30.0,True,
cZT8O500WGmOrJ9V1lYW,n8nGQ7zqhPP8Y4orhMVUou01syX2,human,,2025-12-20T18:46:45.317000+00:00,2309.0,4500.0,0.5131111111111111,30.0,30.0,True,"{'age': 18, 'clarityNow': 6, 'screenTime': 2, 'flow': 'Occasionally', 'psiPossibility': 'I am open to the possibility', 'deepWork': '1–2 hours', 'meditation': 'Rarely or never', 'gender': 'Female', 'diagnosis': 'No', 'scrolling': 'Sometimes', 'autism': 'No'}"
d84hBrVzICn3NtFzZBJ8,mr70epVjC5OAEHxiGuht2h2T6qH2,ai_agent,,2026-01-26T16:34:38.224000+00:00,2260.0,4500.0,0.5022222222222222,30.0,30.0,True,
dA1WKcNJD3WVSm4DJaJc,ctudEjSvxOSDr8pVN8fDU1YvfNg1,baseline,,2026-01-16T05:27:06.089000+00:00,2267.0,4500.0,0.5037777777777778,30.0,30.0,True,
dCKWqHeU4LqWEzhpErf3,ctudEjSvxOSDr8pVN8fDU1YvfNg1,baseline,,2026-01-23T18:01:21.283000+00:00,,,,,,,
dVFhdvX6RV66MvfnctHN,ZMO2YYSTZ9f4hPZqQffebxAmnyp1,ai_agent,,2026-01-27T01:43:16.766000+00:00,2256.0,4500.0,0.5013333333333333,30.0,30.0,True,
dX50yH8SygepBqdvKwoa,XtFvgVxc8zdxZhtMHwkHz3FtHGU2,human,,2025-12-09T04:40:36.123000+00:00,2219.0,4500.0,0.4931111111111111,30.0,30.0,True,"{'age': 30, 'clarityNow': 5, 'screenTime': 3, 'flow': 'Occasionally', 'deepWork': 'More than 2 hours', 'meditation': 'Yes, a few times per week', 'gender': 'Female', 'diagnosis': 'No', 'scrolling': 'Sometimes', 'autism': 'No'}"
dXUmJ4tsc61dxXqWG69P,ctudEjSvxOSDr8pVN8fDU1YvfNg1,baseline,,2026-01-16T06:03:12.418000+00:00,2252.0,4500.0,0.5004444444444445,30.0,30.0,True,
dpfcJuv2Fj9i1acwOjmF,wvToPbdcnOhWXWmVQHA2pBinMb43,baseline,,2026-01-29T19:53:22.215000+00:00,2238.0,4500.0,0.49733333333333335,30.0,30.0,True,
e53hwTy3YJk5J0n5DH9j,yXqTavuOnXWd2SjRziAcTeT2lb12,human,,2025-12-28T20:35:16.136000+00:00,2317.0,4500.0,0.5148888888888888,30.0,30.0,True,"{'age': 35, 'clarityNow': 9, 'screenTime': 12, 'flow': 'Often', 'psiPossibility': 'I am skeptical', 'deepWork': 'More than 2 hours', 'meditation': 'Yes, a few times per week', 'gender': 'Male', 'diagnosis': 'No', 'scrolling': 'Frequently', 'autism': 'No'}"
eEeIAuSucz4v9L7AJr7Z,TqrCvBskDngkIWhl2ItfZntTsr52,human,,2025-12-26T05:35:10.376000+00:00,2245.0,4500.0,0.4988888888888889,30.0,30.0,True,"{'age': 20, 'clarityNow': 8, 'screenTime': 5, 'flow': 'Occasionally', 'psiPossibility': 'I am open to the possibility', 'deepWork': 'Less than 1 hour', 'meditation': 'Rarely or never', 'gender': 'Female', 'diagnosis': 'No', 'scrolling': 'Sometimes', 'autism': 'No'}"
eHEnVW2F8JAQS4Vt6T3h,KI1RQQzi5NZDN5b1OIQYW3q4FL43,ai_agent,,2026-01-26T18:38:46.182000+00:00,2291.0,4500.0,0.5091111111111111,30.0,30.0,True,
ePPiEtJFInUghUA31vs0,ub0CmVvXqlNS1HfCP7GEFAMRPcw2,ai_agent,,2025-10-25T23:27:30.250000+00:00,2259.0,4500.0,0.502,30.0,30.0,True,
eUBNsniWgDXfc6Tk7zba,jw3wKoijCch0LusF5tED3f6Tgih2,human,,2025-12-16T04:33:37.828000+00:00,2271.0,4500.0,0.5046666666666667,30.0,30.0,True,"{'age': 41, 'clarityNow': 6, 'screenTime': 5, 'flow': 'Occasionally', 'psiPossibility': 'Yes, it is definitely possible', 'deepWork': 'Less than 1 hour', 'meditation': 'Occasionally', 'gender': 'Male', 'diagnosis': 'Yes', 'scrolling': 'Sometimes', 'autism': 'No'}"
eVP11gpm0TpHYBzNwAz8,y612YV0ACNSi8gs6TnC3QIueQi23,baseline,,2025-10-17T22:56:53.340000+00:00,2276.0,4500.0,0.5057777777777778,30.0,30.0,False,"{'age': 59, 'clarityNow': 4, 'screenTime': 5, 'flow': 'Occasionally', 'psiPossibility': 'I am open to the possibility', 'deepWork': 'Rarely or never', 'meditation': 'Yes, daily', 'gender': 'Female', 'diagnosis': 'Not sure / Self-diagnosed', 'scrolling': 'Frequently', 'autism': 'No'}"
eZDyO2KEOroLgjaXWD2x,2SSbYX237jR9aOfq1lvxvxeR8LF2,ai_agent,,2026-01-22T04:12:45.334000+00:00,2301.0,4500.0,0.5113333333333333,30.0,30.0,True,
ejEXqmmkNiSaxggCLz8s,wpb2rvaHhEXkdUratYdjRpreew13,ai_agent,,2026-01-23T18:31:09.425000+00:00,2281.0,4500.0,0.5068888888888889,30.0,30.0,True,
eqpUMxg7H5az08PSNBbn,UVqDMkYRw3XHMNvCYVuJjueYXRm1,human,,2026-01-21T20:14:50.147000+00:00,2233.0,4500.0,0.49622222222222223,30.0,30.0,True,"{'age': 27, 'clarityNow': 3, 'screenTime': 8, 'flow': 'Often', 'psiPossibility': 'I am open to the possibility', 'deepWork': '1–2 hours', 'meditation': 'Occasionally', 'gender': 'Female', 'diagnosis': 'Not sure / Self-diagnosed', 'scrolling': 'Frequently', 'autism': 'Yes'}"
etbzy006HtiuLTKjHo7v,wvToPbdcnOhWXWmVQHA2pBinMb43,baseline,,2026-01-29T15:50:10.643000+00:00,2308.0,4500.0,0.5128888888888888,30.0,30.0,True,
euUDL9YYnDMy6otNlCGv,2SSbYX237jR9aOfq1lvxvxeR8LF2,ai_agent,,2026-01-22T03:54:50.026000+00:00,2299.0,4500.0,0.5108888888888888,30.0,30.0,True,
euYApd1c333WGQ4zL77K,ctudEjSvxOSDr8pVN8fDU1YvfNg1,baseline,,2026-01-16T06:04:33.042000+00:00,2211.0,4500.0,0.49133333333333334,30.0,30.0,True,
ewn3QJNArIIFxyaTMbJJ,TqrCvBskDngkIWhl2ItfZntTsr52,human,,2025-12-26T05:30:02.460000+00:00,2278.0,4500.0,0.5062222222222222,30.0,30.0,True,"{'age': 20, 'clarityNow': 8, 'screenTime': 5, 'flow': 'Occasionally', 'psiPossibility': 'I am open to the possibility', 'deepWork': 'Less than 1 hour', 'meditation': 'Rarely or never', 'gender': 'Female', 'diagnosis': 'No', 'scrolling': 'Sometimes', 'autism': 'No'}"
f2bSaWDeaOVJtKtgiOSC,y612YV0ACNSi8gs6TnC3QIueQi23,human,,2025-10-24T23:20:37.982000+00:00,2242.0,4500.0,0.49822222222222223,30.0,30.0,True,"{'age': 59, 'clarityNow': 4, 'screenTime': 5, 'flow': 'Occasionally', 'psiPossibility': 'I am open to the possibility', 'deepWork': 'Rarely or never', 'meditation': 'Yes, daily', 'gender': 'Female', 'diagnosis': 'Not sure / Self-diagnosed', 'scrolling': 'Frequently', 'autism': 'No'}"
f6Nu8VsC8uhzSZmO4wSa,ctudEjSvxOSDr8pVN8fDU1YvfNg1,baseline,,2026-01-16T06:08:33.293000+00:00,2219.0,4500.0,0.4931111111111111,30.0,30.0,True,
fAGVw6sSJxCjULnJOs0o,wvToPbdcnOhWXWmVQHA2pBinMb43,baseline,,2026-01-29T15:45:44.543000+00:00,2317.0,4500.0,0.5148888888888888,30.0,30.0,True,
fJ8H5oS1q5D0ssX7pvCT,y612YV0ACNSi8gs6TnC3QIueQi23,baseline,,2025-10-22T00:04:26.782000+00:00,2252.0,4500.0,0.5004444444444445,30.0,30.0,True,"{'age': 59, 'clarityNow': 4, 'screenTime': 5, 'flow': 'Occasionally', 'psiPossibility': 'I am open to the possibility', 'deepWork': 'Rarely or never', 'meditation': 'Yes, daily', 'gender': 'Female', 'diagnosis': 'Not sure / Self-diagnosed', 'scrolling': 'Frequently', 'autism': 'No'}"
fNdDAwee8KQkgufLuJhz,y612YV0ACNSi8gs6TnC3QIueQi23,baseline,,2025-10-20T22:09:23.593000+00:00,2228.0,4500.0,0.4951111111111111,30.0,30.0,False,"{'age': 59, 'clarityNow': 4, 'screenTime': 5, 'flow': 'Occasionally', 'psiPossibility': 'I am open to the possibility', 'deepWork': 'Rarely or never', 'meditation': 'Yes, daily', 'gender': 'Female', 'diagnosis': 'Not sure / Self-diagnosed', 'scrolling': 'Frequently', 'autism': 'No'}"
fTQeAg9jxzY37I9dE56f,IFKhCCBbojRgb8OYOlUj173lCwn2,human,,2025-12-18T02:51:50.416000+00:00,2270.0,4500.0,0.5044444444444445,30.0,30.0,True,"{'age': 45, 'clarityNow': 4, 'screenTime': 8, 'flow': 'Rarely', 'psiPossibility': 'I am open to the possibility', 'deepWork': '1–2 hours', 'meditation': 'Occasionally', 'gender': 'Female', 'diagnosis': 'Not sure / Self-diagnosed', 'scrolling': 'Frequently', 'autism': 'No'}"
fcLOb3urG6XHVN8NG76t,ctudEjSvxOSDr8pVN8fDU1YvfNg1,baseline,,2026-01-16T06:07:13.333000+00:00,2278.0,4500.0,0.5062222222222222,30.0,30.0,True,
fewtOFFzYOKNBmyDcVVt,pb2dWWjew9Ybxvf0ZuVsGQwhRTl2,ai_agent,,2025-10-20T22:23:20.715000+00:00,2247.0,4500.0,0.49933333333333335,30.0,30.0,False,
foWGhPq313EMdMunvMnj,vsoK1aC4lyMHlySmRGVLREUYc8k2,ai_agent,,2025-12-24T02:02:16.260000+00:00,1758.0,3600.0,0.48833333333333334,24.0,30.0,False,
fsirEY1jyF4u9JOzl58c,9joTCsso5ePvb65JDWD8ncymAeC3,human,,2025-12-22T16:47:48.281000+00:00,2222.0,4500.0,0.49377777777777776,30.0,30.0,True,"{'age': 26, 'clarityNow': 6, 'screenTime': 9, 'flow': 'Often', 'psiPossibility': 'I am open to the possibility', 'deepWork': '1–2 hours', 'meditation': 'Yes, a few times per week', 'gender': 'Female', 'diagnosis': 'Not sure / Self-diagnosed', 'scrolling': 'Frequently', 'autism': 'Not sure / Self-diagnosed'}"
g8Td5FYHeDBY4ZP2Vhx0,LJn18WLLY5b9UkAOSPFHZBSQsZ83,ai_agent,,2025-10-23T23:33:55.571000+00:00,2268.0,4500.0,0.504,30.0,30.0,True,
gCDeMKWktz6Y2gBwScUF,y612YV0ACNSi8gs6TnC3QIueQi23,baseline,,2025-12-23T22:38:21.721000+00:00,2204.0,4500.0,0.48977777777777776,30.0,30.0,True,"{'age': 59, 'clarityNow': 4, 'screenTime': 5, 'flow': 'Occasionally', 'psiPossibility': 'I am open to the possibility', 'deepWork': 'Rarely or never', 'meditation': 'Yes, daily', 'gender': 'Female', 'diagnosis': 'Not sure / Self-diagnosed', 'scrolling': 'Frequently', 'autism': 'No'}"
gGS7yBaKGfzpwyYPpHoh,NjYWSpVKgjexR6zlVDFLRwjMGb12,human,,2025-12-09T21:04:44.903000+00:00,2201.0,4500.0,0.4891111111111111,30.0,30.0,True,"{'age': 18, 'clarityNow': 3, 'screenTime': 4, 'flow': 'Never', 'deepWork': 'Less than 1 hour', 'meditation': 'Rarely or never', 'gender': 'Female', 'diagnosis': 'No', 'scrolling': 'Sometimes', 'autism': 'No'}"
gH6SCIWV01K9XOLTdqRg,mr70epVjC5OAEHxiGuht2h2T6qH2,ai_agent,,2026-01-26T16:44:20.799000+00:00,2239.0,4500.0,0.49755555555555553,30.0,30.0,True,
gQebzxy2VOE5iFsGGUYy,GkDR0s3OA6eW6Maa6bFVoy37y6b2,human,,2026-01-02T21:50:35.055000+00:00,2257.0,4500.0,0.5015555555555555,30.0,30.0,True,"{'age': 46, 'clarityNow': 10, 'screenTime': 3, 'flow': 'Often', 'psiPossibility': 'Yes, it is definitely possible', 'deepWork': '1–2 hours', 'meditation': 'Occasionally', 'gender': 'Female', 'diagnosis': 'Not sure / Self-diagnosed', 'scrolling': 'Frequently', 'autism': 'Yes'}"
gWBTcKbqsterezwZVmhD,y612YV0ACNSi8gs6TnC3QIueQi23,human,,2025-10-26T23:38:32.895000+00:00,2251.0,4500.0,0.5002222222222222,30.0,30.0,True,"{'age': 59, 'clarityNow': 4, 'screenTime': 5, 'flow': 'Occasionally', 'psiPossibility': 'I am open to the possibility', 'deepWork': 'Rarely or never', 'meditation': 'Yes, daily', 'gender': 'Female', 'diagnosis': 'Not sure / Self-diagnosed', 'scrolling': 'Frequently', 'autism': 'No'}"
gladfd4MMSodB0YfX8Lc,bAPCMH5yZaakKYcafgqybX42Ctk2,human,,2025-12-14T01:48:08.656000+00:00,2190.0,4500.0,0.4866666666666667,30.0,30.0,True,"{'age': 26, 'clarityNow': 6, 'screenTime': 5, 'flow': 'Often', 'psiPossibility': 'I am skeptical', 'deepWork': '1–2 hours', 'meditation': 'Rarely or never', 'gender': 'Male', 'diagnosis': 'No', 'scrolling': 'Sometimes', 'autism': 'No'}"
gs40hNF4ZDIEaMswzeo7,a0xrSPv0u4PSW6q88X2qQmR8Fcu2,ai_agent,,2025-11-19T18:36:04.049000+00:00,2248.0,4500.0,0.49955555555555553,30.0,30.0,True,
gtp9q81RtODcEQT4TSyo,NWKjx0BNt4PzTlPM2h8SDX3cA132,human,,2025-12-09T20:41:25.949000+00:00,2259.0,4500.0,0.502,30.0,30.0,True,"{'age': 54, 'clarityNow': 3, 'screenTime': 2, 'flow': 'Occasionally', 'deepWork': '1–2 hours', 'meditation': 'Rarely or never', 'gender': 'Male', 'diagnosis': 'No', 'scrolling': 'Rarely', 'autism': 'No'}"
hAwhdyXwSXXyyFFiInpF,mr70epVjC5OAEHxiGuht2h2T6qH2,ai_agent,,2026-01-26T16:30:17.865000+00:00,2252.0,4500.0,0.5004444444444445,30.0,30.0,True,
hV8sbxODtUoggsXL08KX,I8Fesxc9gYMypdf9O0TRZULuBBQ2,ai_agent,,2026-01-23T02:04:08.313000+00:00,2242.0,4500.0,0.49822222222222223,30.0,30.0,True,
hZ95RjMNgSRhdxPGK5we,Aq2dLPa7cJQg3XGThdhAPjL0VEi2,human,,2025-12-15T13:02:39.804000+00:00,2285.0,4500.0,0.5077777777777778,30.0,30.0,True,"{'age': 25, 'clarityNow': 7, 'screenTime': 7, 'flow': 'Often', 'psiPossibility': 'Yes, it is definitely possible', 'deepWork': '1–2 hours', 'meditation': 'Yes, a few times per week', 'gender': 'Female', 'diagnosis': 'Yes', 'scrolling': 'Frequently', 'autism': 'Yes'}"
hiOph5kLkQaokvGHQAod,y612YV0ACNSi8gs6TnC3QIueQi23,baseline,,2025-12-23T22:44:49.713000+00:00,2201.0,4500.0,0.4891111111111111,30.0,30.0,True,"{'age': 59, 'clarityNow': 4, 'screenTime': 5, 'flow': 'Occasionally', 'psiPossibility': 'I am open to the possibility', 'deepWork': 'Rarely or never', 'meditation': 'Yes, daily', 'gender': 'Female', 'diagnosis': 'Not sure / Self-diagnosed', 'scrolling': 'Frequently', 'autism': 'No'}"
hnsKRszQKKs5MMypiWbL,ctudEjSvxOSDr8pVN8fDU1YvfNg1,baseline,,2026-01-16T06:05:52.692000+00:00,2254.0,4500.0,0.5008888888888889,30.0,30.0,True,
hqhCvmUDEhbieqvcTpAr,ZMO2YYSTZ9f4hPZqQffebxAmnyp1,ai_agent,,2026-01-27T01:55:26.329000+00:00,2254.0,4500.0,0.5008888888888889,30.0,30.0,True,
hsZ2nBx5HRcgGIFmflI5,y612YV0ACNSi8gs6TnC3QIueQi23,human,,2025-10-26T23:51:56.736000+00:00,2197.0,4500.0,0.4882222222222222,30.0,30.0,True,"{'age': 59, 'clarityNow': 4, 'screenTime': 5, 'flow': 'Occasionally', 'psiPossibility': 'I am open to the possibility', 'deepWork': 'Rarely or never', 'meditation': 'Yes, daily', 'gender': 'Female', 'diagnosis': 'Not sure / Self-diagnosed', 'scrolling': 'Frequently', 'autism': 'No'}"
i5qaFAKt6MLjvEqv1wBk,wvToPbdcnOhWXWmVQHA2pBinMb43,baseline,,2026-01-29T19:46:52.675000+00:00,2263.0,4500.0,0.5028888888888889,30.0,30.0,True,
i9ps6ieXWfBxzJyJxcK3,xyjncyhmgBfLqncgbus7bZvsnO62,human,,2025-12-10T02:06:25.488000+00:00,2204.0,4500.0,0.48977777777777776,30.0,30.0,True,"{'age': 35, 'clarityNow': 9, 'screenTime': 7, 'flow': 'Often', 'deepWork': 'More than 2 hours', 'meditation': 'Occasionally', 'gender': 'Male', 'diagnosis': 'Yes', 'scrolling': 'Frequently', 'autism': 'No'}"
iQearGMcNmMkRJfGwSrt,PPYPtp0xGgdNa2HgQPeHJXu45QG2,human,,2025-12-20T18:46:03.295000+00:00,2221.0,4500.0,0.4935555555555556,30.0,30.0,True,"{'age': 32, 'clarityNow': 8, 'screenTime': 5, 'flow': 'Often', 'psiPossibility': 'Yes, it is definitely possible', 'deepWork': 'More than 2 hours', 'diagnosis': 'Yes', 'autism': 'Yes', 'meditation': 'Yes, daily', 'scrolling': 'Frequently', 'gender': 'Female'}"
iYomisTZW6cY18GuZTVG,I8Fesxc9gYMypdf9O0TRZULuBBQ2,ai_agent,,2026-01-23T01:37:53.757000+00:00,2242.0,4500.0,0.49822222222222223,30.0,30.0,True,
iZTOC6YbvrxJCFy4v3dV,s73u1fArucbKvHlNYunn9evnWN22,human,,2026-01-11T20:41:58.870000+00:00,2257.0,4500.0,0.5015555555555555,30.0,30.0,True,"{'age': 35, 'clarityNow': 8, 'screenTime': 6, 'flow': 'Occasionally', 'psiPossibility': 'I am open to the possibility', 'deepWork': 'Less than 1 hour', 'meditation': 'Occasionally', 'gender': 'Female', 'diagnosis': 'Not sure / Self-diagnosed', 'scrolling': 'Sometimes', 'autism': 'Not sure / Self-diagnosed'}"
j4IyYW2jK62W3fkPGnSb,y612YV0ACNSi8gs6TnC3QIueQi23,human,,2025-10-24T23:14:09.276000+00:00,2280.0,4500.0,0.5066666666666667,30.0,30.0,True,"{'age': 59, 'clarityNow': 4, 'screenTime': 5, 'flow': 'Occasionally', 'psiPossibility': 'I am open to the possibility', 'deepWork': 'Rarely or never', 'meditation': 'Yes, daily', 'gender': 'Female', 'diagnosis': 'Not sure / Self-diagnosed', 'scrolling': 'Frequently', 'autism': 'No'}"
jAnZhj5HLIEAubDdRAae,sodvLVssCoe8Go2t0iiHdBcv57q2,human,,2025-12-09T23:37:57.286000+00:00,2269.0,4500.0,0.5042222222222222,30.0,30.0,True,"{'age': 24, 'clarityNow': 6, 'screenTime': 4, 'flow': 'Often', 'deepWork': 'More than 2 hours', 'meditation': 'Rarely or never', 'gender': 'Female', 'diagnosis': 'Yes', 'scrolling': 'Sometimes', 'autism': 'No'}"
jBNpco4TEosWphPN1VmP,y612YV0ACNSi8gs6TnC3QIueQi23,human,,2025-10-26T23:43:09.170000+00:00,2229.0,4500.0,0.49533333333333335,30.0,30.0,True,"{'age': 59, 'clarityNow': 4, 'screenTime': 5, 'flow': 'Occasionally', 'psiPossibility': 'I am open to the possibility', 'deepWork': 'Rarely or never', 'meditation': 'Yes, daily', 'gender': 'Female', 'diagnosis': 'Not sure / Self-diagnosed', 'scrolling': 'Frequently', 'autism': 'No'}"
jP3ii6MdO3RgHvYTUWrY,wvToPbdcnOhWXWmVQHA2pBinMb43,baseline,,2026-01-29T19:52:04.689000+00:00,2260.0,4500.0,0.5022222222222222,30.0,30.0,True,
jamqXFLxMCQRHC7zn9Rt,GkDR0s3OA6eW6Maa6bFVoy37y6b2,human,,2026-01-02T21:39:19.746000+00:00,2259.0,4500.0,0.502,30.0,30.0,True,"{'age': 46, 'clarityNow': 10, 'screenTime': 3, 'flow': 'Often', 'psiPossibility': 'Yes, it is definitely possible', 'deepWork': '1–2 hours', 'meditation': 'Occasionally', 'gender': 'Female', 'diagnosis': 'Not sure / Self-diagnosed', 'scrolling': 'Frequently', 'autism': 'Yes'}"
jn3jUnaK4fofCW4AzC4l,fLFB7LWNHARShaZNTi5VAtSbQkv2,human,,2025-12-15T13:58:11.476000+00:00,2192.0,4500.0,0.4871111111111111,30.0,30.0,True,"{'age': 26, 'clarityNow': 7, 'screenTime': 5, 'flow': 'Often', 'psiPossibility': 'I am open to the possibility', 'deepWork': 'Less than 1 hour', 'diagnosis': 'No', 'autism': 'No', 'meditation': 'Occasionally', 'scrolling': 'Frequently', 'gender': 'Female'}"
jut3U98jokUXovITCYnq,y612YV0ACNSi8gs6TnC3QIueQi23,baseline,,2025-12-23T22:42:15.176000+00:00,2319.0,4500.0,0.5153333333333333,30.0,30.0,True,"{'age': 59, 'clarityNow': 4, 'screenTime': 5, 'flow': 'Occasionally', 'psiPossibility': 'I am open to the possibility', 'deepWork': 'Rarely or never', 'meditation': 'Yes, daily', 'gender': 'Female', 'diagnosis': 'Not sure / Self-diagnosed', 'scrolling': 'Frequently', 'autism': 'No'}"
jzZJck0L23NXllTliOxm,FH9c5zEf54RFbYBQM80ijovCOIh1,human,,2025-11-25T02:36:02.577000+00:00,,,,,,,"{'age': 68, 'clarityNow': 7, 'screenTime': 8, 'flow': 'Often', 'deepWork': 'More than 2 hours', 'meditation': 'Yes, a few times per week', 'gender': 'Female', 'diagnosis': 'Not sure / Self-diagnosed', 'scrolling': 'Frequently', 'autism': 'Not sure / Self-diagnosed'}"
kPRRY28yXFypo2QUeld2,y612YV0ACNSi8gs6TnC3QIueQi23,human,,2025-10-26T23:33:24.772000+00:00,2336.0,4500.0,0.5191111111111111,30.0,30.0,True,"{'age': 59, 'clarityNow': 4, 'screenTime': 5, 'flow': 'Occasionally', 'psiPossibility': 'I am open to the possibility', 'deepWork': 'Rarely or never', 'meditation': 'Yes, daily', 'gender': 'Female', 'diagnosis': 'Not sure / Self-diagnosed', 'scrolling': 'Frequently', 'autism': 'No'}"
koSatjrHB3lEJv769ToP,a0xrSPv0u4PSW6q88X2qQmR8Fcu2,ai_agent,,2025-11-19T18:41:40.862000+00:00,2233.0,4500.0,0.49622222222222223,30.0,30.0,True,
lMQU0jAfwuMiyrCTcgpg,aj2PSAxOmadGQylCj6000WszNWv2,human,,2025-12-23T04:59:56.658000+00:00,2275.0,4500.0,0.5055555555555555,30.0,30.0,True,"{'age': 34, 'clarityNow': 7, 'screenTime': 2, 'flow': 'Occasionally', 'psiPossibility': 'Yes, it is definitely possible', 'deepWork': '1–2 hours', 'meditation': 'Yes, daily', 'gender': 'Female', 'diagnosis': 'Yes', 'scrolling': 'Sometimes', 'autism': 'Not sure / Self-diagnosed'}"
lPlt8gANwq2uJ8ryBvCb,bM8CGslyOyYJ7v0kfuNNEkVLJNl2,human,,2025-12-28T11:34:34.197000+00:00,2234.0,4500.0,0.49644444444444447,30.0,30.0,True,"{'age': 27, 'clarityNow': 7, 'screenTime': 2, 'flow': 'Often', 'psiPossibility': 'I am skeptical', 'deepWork': '1–2 hours', 'meditation': 'Yes, a few times per week', 'gender': 'Female', 'diagnosis': 'No', 'scrolling': 'Frequently', 'autism': 'No'}"
m0dUCek5VwWegTwqdNik,mlOBXQuPeSR1ftTfDxeVTriF3DG2,human,,2025-12-23T05:24:13.560000+00:00,2074.0,4050.0,0.5120987654320988,27.0,30.0,False,"{'age': 21, 'clarityNow': 6, 'screenTime': 7, 'flow': 'Occasionally', 'psiPossibility': 'Yes, it is definitely possible', 'deepWork': '1–2 hours', 'diagnosis': 'Yes', 'autism': 'No', 'meditation': 'Yes, a few times per week', 'scrolling': 'Frequently', 'gender': 'Female'}"
m7f9as7lsWiPcm4HZOY8,JJTT4vvBIFOW5OyAKrke4hny9q43,human,,2025-12-29T15:15:21.752000+00:00,2259.0,4500.0,0.502,30.0,30.0,True,"{'age': 24, 'clarityNow': 4, 'screenTime': 2, 'flow': 'Often', 'psiPossibility': 'I am skeptical', 'deepWork': 'More than 2 hours', 'meditation': 'Occasionally', 'gender': 'Female', 'diagnosis': 'No', 'scrolling': 'Frequently', 'autism': 'No'}"
mEth5ecOawcJbGWXxBEc,wvToPbdcnOhWXWmVQHA2pBinMb43,baseline,,2026-01-29T19:55:58.210000+00:00,2255.0,4500.0,0.5011111111111111,30.0,30.0,True,
mTP0KkitwlYXGO3OepNe,y612YV0ACNSi8gs6TnC3QIueQi23,baseline,,2025-10-22T00:06:57.019000+00:00,2289.0,4500.0,0.5086666666666667,30.0,30.0,True,"{'age': 59, 'clarityNow': 4, 'screenTime': 5, 'flow': 'Occasionally', 'psiPossibility': 'I am open to the possibility', 'deepWork': 'Rarely or never', 'meditation': 'Yes, daily', 'gender': 'Female', 'diagnosis': 'Not sure / Self-diagnosed', 'scrolling': 'Frequently', 'autism': 'No'}"
mbyz3BkzVkRmjWFc1exH,CP73O6wbUqQxYsGr9gClO1EtVpX2,human,,2025-12-28T15:45:52.351000+00:00,2250.0,4500.0,0.5,30.0,30.0,True,"{'age': 25, 'clarityNow': 6, 'screenTime': 7, 'flow': 'Occasionally', 'psiPossibility': 'I am open to the possibility', 'deepWork': '1–2 hours', 'diagnosis': 'Not sure / Self-diagnosed', 'autism': 'Yes', 'meditation': 'Yes, a few times per week', 'scrolling': 'Frequently', 'gender': 'Female'}"
mceBwdjnf3QVwEwEXfi1,UVqDMkYRw3XHMNvCYVuJjueYXRm1,human,,2026-01-21T20:17:22.671000+00:00,2291.0,4500.0,0.5091111111111111,30.0,30.0,True,"{'age': 27, 'clarityNow': 3, 'screenTime': 8, 'flow': 'Often', 'psiPossibility': 'I am open to the possibility', 'deepWork': '1–2 hours', 'meditation': 'Occasionally', 'gender': 'Female', 'diagnosis': 'Not sure / Self-diagnosed', 'scrolling': 'Frequently', 'autism': 'Yes'}"
miZrFAC2VOm32l0p3Nvp,2SSbYX237jR9aOfq1lvxvxeR8LF2,ai_agent,,2026-01-22T03:46:31.184000+00:00,2321.0,4500.0,0.5157777777777778,30.0,30.0,True,
mjj2fJzlZdujIwjEgCdR,8UWfHqpXDegsa1wjs6FZ5OBUl7L2,human,,2025-12-20T12:58:43.769000+00:00,2218.0,4500.0,0.4928888888888889,30.0,30.0,True,"{'age': 29, 'clarityNow': 6, 'screenTime': 2, 'flow': 'Often', 'psiPossibility': 'I am open to the possibility', 'deepWork': '1–2 hours', 'meditation': 'Occasionally', 'gender': 'Female', 'diagnosis': 'No', 'scrolling': 'Sometimes', 'autism': 'No'}"
mqBgFZNt4RhcILi5W42v,Q4M8UuK2A1fKC4nLJUDsQ9qqykz1,human,,2025-12-11T02:08:21.040000+00:00,2273.0,4500.0,0.5051111111111111,30.0,30.0,True,"{'age': 20, 'clarityNow': 10, 'screenTime': 4, 'flow': 'Occasionally', 'psiPossibility': 'No way / Impossible', 'deepWork': 'More than 2 hours', 'meditation': 'Rarely or never', 'gender': 'Male', 'diagnosis': 'Not sure / Self-diagnosed', 'scrolling': 'Sometimes', 'autism': 'Not sure / Self-diagnosed'}"
mqDXYEMa2V3XcCSb1qF6,LJn18WLLY5b9UkAOSPFHZBSQsZ83,ai_agent,,2025-10-23T23:36:23.854000+00:00,2256.0,4500.0,0.5013333333333333,30.0,30.0,True,
nALVphYU8WTmPzBMZq8j,sRQ5lv918MO71CWvTFem9UrnyIV2,human,,2025-12-14T09:39:09.562000+00:00,2299.0,4500.0,0.5108888888888888,30.0,30.0,True,"{'age': 39, 'clarityNow': 10, 'screenTime': 8, 'flow': 'Rarely', 'psiPossibility': 'I am skeptical', 'deepWork': '1–2 hours', 'meditation': 'Yes, a few times per week', 'gender': 'Female', 'diagnosis': 'No', 'scrolling': 'Frequently', 'autism': 'No'}"
nV8YyXVDYFbduHphujC4,y612YV0ACNSi8gs6TnC3QIueQi23,baseline,,2025-10-22T00:00:21.568000+00:00,2254.0,4500.0,0.5008888888888889,30.0,30.0,True,"{'age': 59, 'clarityNow': 4, 'screenTime': 5, 'flow': 'Occasionally', 'psiPossibility': 'I am open to the possibility', 'deepWork': 'Rarely or never', 'meditation': 'Yes, daily', 'gender': 'Female', 'diagnosis': 'Not sure / Self-diagnosed', 'scrolling': 'Frequently', 'autism': 'No'}"
nhPxUsT5t76MBZmUE4gl,xmHRKIZuWweHe58UK3nT68ZM1Oj2,human,,2025-12-23T16:09:53.280000+00:00,2236.0,4500.0,0.4968888888888889,30.0,30.0,True,"{'age': 20, 'clarityNow': 6, 'screenTime': 7, 'flow': 'Occasionally', 'psiPossibility': 'I am open to the possibility', 'deepWork': 'More than 2 hours', 'meditation': 'Rarely or never', 'gender': 'Female', 'diagnosis': 'Not sure / Self-diagnosed', 'scrolling': 'Frequently', 'autism': 'No'}"
niKyE3d6x9p5egWIVfu6,I8Fesxc9gYMypdf9O0TRZULuBBQ2,ai_agent,,2026-01-23T01:53:06.132000+00:00,2168.0,4500.0,0.4817777777777778,30.0,30.0,True,
nn60MBG8cqHkOMdyD5OQ,mr70epVjC5OAEHxiGuht2h2T6qH2,ai_agent,,2026-01-26T16:27:50.292000+00:00,2305.0,4500.0,0.5122222222222222,30.0,30.0,True,
nt3K5fg6KJAw7kfPuA8g,I8Fesxc9gYMypdf9O0TRZULuBBQ2,ai_agent,,2026-01-23T01:40:25.471000+00:00,2287.0,4500.0,0.5082222222222222,30.0,30.0,True,
nxSLdyahZf6000SyLMpl,ctudEjSvxOSDr8pVN8fDU1YvfNg1,baseline,,2026-01-16T06:12:39.303000+00:00,2292.0,4500.0,0.5093333333333333,30.0,30.0,True,
o7En9txeuyRhBcku67BN,sRQ5lv918MO71CWvTFem9UrnyIV2,human,,2025-12-14T09:49:56.324000+00:00,2274.0,4500.0,0.5053333333333333,30.0,30.0,True,"{'age': 39, 'clarityNow': 10, 'screenTime': 8, 'flow': 'Rarely', 'psiPossibility': 'I am skeptical', 'deepWork': '1–2 hours', 'meditation': 'Yes, a few times per week', 'gender': 'Female', 'diagnosis': 'No', 'scrolling': 'Frequently', 'autism': 'No'}"
oXQoLWCcIhc0hIv3DQGz,mr70epVjC5OAEHxiGuht2h2T6qH2,ai_agent,,2026-01-26T16:49:06.613000+00:00,2207.0,4500.0,0.49044444444444446,30.0,30.0,True,
oiDEvmczNWhXwFo0T7RD,wvToPbdcnOhWXWmVQHA2pBinMb43,baseline,,2026-01-29T19:49:28.337000+00:00,2237.0,4500.0,0.4971111111111111,30.0,30.0,True,
pFgNbv8tBNTU9aOTdpqM,y612YV0ACNSi8gs6TnC3QIueQi23,human,,2025-12-20T20:42:55.015000+00:00,2258.0,4500.0,0.5017777777777778,30.0,30.0,True,"{'age': 59, 'clarityNow': 4, 'screenTime': 5, 'flow': 'Occasionally', 'psiPossibility': 'I am open to the possibility', 'deepWork': 'Rarely or never', 'meditation': 'Yes, daily', 'gender': 'Female', 'diagnosis': 'Not sure / Self-diagnosed', 'scrolling': 'Frequently', 'autism': 'No'}"
pOmuflxDnyYn70Wl9Z5z,y612YV0ACNSi8gs6TnC3QIueQi23,human,,2025-10-24T23:07:39.430000+00:00,2186.0,4500.0,0.48577777777777775,30.0,30.0,True,"{'age': 59, 'clarityNow': 4, 'screenTime': 5, 'flow': 'Occasionally', 'psiPossibility': 'I am open to the possibility', 'deepWork': 'Rarely or never', 'meditation': 'Yes, daily', 'gender': 'Female', 'diagnosis': 'Not sure / Self-diagnosed', 'scrolling': 'Frequently', 'autism': 'No'}"
pk1eA7XnMTJjCnHaVJ2X,AyLVv9vZWwPs0lod8EARGwjvAkT2,human,,2025-12-08T23:45:36.309000+00:00,2230.0,4500.0,0.4955555555555556,30.0,30.0,True,"{'age': 21, 'clarityNow': 8, 'screenTime': 7, 'flow': 'Occasionally', 'deepWork': 'Less than 1 hour', 'meditation': 'Rarely or never', 'gender': 'Male', 'diagnosis': 'No', 'scrolling': 'Sometimes', 'autism': 'No'}"
pr3WEEqOTRZck81zH07X,49YaXj0ubINMMhIBWm7HoP2Aw9L2,human,,2025-12-10T13:43:42.837000+00:00,2219.0,4500.0,0.4931111111111111,30.0,30.0,True,"{'age': 30, 'clarityNow': 7, 'screenTime': 4, 'flow': 'Often', 'deepWork': '1–2 hours', 'meditation': 'Occasionally', 'gender': 'Prefer not to say', 'diagnosis': 'No', 'scrolling': 'Frequently', 'autism': 'No'}"
prRNlPF6cfYAmo2dmcaB,y612YV0ACNSi8gs6TnC3QIueQi23,human,,2025-10-24T23:29:17.132000+00:00,2228.0,4500.0,0.4951111111111111,30.0,30.0,True,"{'age': 59, 'clarityNow': 4, 'screenTime': 5, 'flow': 'Occasionally', 'psiPossibility': 'I am open to the possibility', 'deepWork': 'Rarely or never', 'meditation': 'Yes, daily', 'gender': 'Female', 'diagnosis': 'Not sure / Self-diagnosed', 'scrolling': 'Frequently', 'autism': 'No'}"
psaRrYr1QOAUqhUVeDpD,RGsyXh5mJSU66WiEQJ0IMCeYkXy2,ai_agent,,2026-01-28T15:34:05.188000+00:00,2278.0,4500.0,0.5062222222222222,30.0,30.0,True,
qbPHg1S6g4pAupTRVO29,y612YV0ACNSi8gs6TnC3QIueQi23,baseline,,2025-12-13T03:15:55.070000+00:00,2225.0,4500.0,0.49444444444444446,30.0,30.0,True,"{'age': 59, 'clarityNow': 4, 'screenTime': 5, 'flow': 'Occasionally', 'psiPossibility': 'I am open to the possibility', 'deepWork': 'Rarely or never', 'meditation': 'Yes, daily', 'gender': 'Female', 'diagnosis': 'Not sure / Self-diagnosed', 'scrolling': 'Frequently', 'autism': 'No'}"
qjblMsXe60MU3ZlZXY1z,mZDjuHWZBEQlJQzrO2IsPWoKmlw2,human,,2025-12-26T20:00:27.852000+00:00,2274.0,4500.0,0.5053333333333333,30.0,30.0,True,"{'age': 22, 'clarityNow': 10, 'screenTime': 5, 'flow': 'Occasionally', 'psiPossibility': 'I am open to the possibility', 'deepWork': 'Less than 1 hour', 'meditation': 'Occasionally', 'gender': 'Male', 'diagnosis': 'No', 'scrolling': 'Sometimes', 'autism': 'No'}"
qoOMbmxpzyezDd3EHLZ5,GMpu5WVN9hWiZK5NcbT89wMCWzF2,human,,2025-12-27T04:29:18.217000+00:00,2247.0,4500.0,0.49933333333333335,30.0,30.0,True,"{'age': 35, 'clarityNow': 7, 'screenTime': 6, 'flow': 'Often', 'psiPossibility': 'Yes, it is definitely possible', 'deepWork': 'More than 2 hours', 'meditation': 'Rarely or never', 'gender': 'Male', 'diagnosis': 'No', 'scrolling': 'Frequently', 'autism': 'Yes'}"
r8e1xHq6rGz3gqpEQzuc,y612YV0ACNSi8gs6TnC3QIueQi23,baseline,,2025-10-17T22:53:10.844000+00:00,2267.0,4500.0,0.5037777777777778,30.0,30.0,False,"{'age': 59, 'clarityNow': 4, 'screenTime': 5, 'flow': 'Occasionally', 'psiPossibility': 'I am open to the possibility', 'deepWork': 'Rarely or never', 'meditation': 'Yes, daily', 'gender': 'Female', 'diagnosis': 'Not sure / Self-diagnosed', 'scrolling': 'Frequently', 'autism': 'No'}"
rmqQaB7PyZtWnP7zSgDM,wvToPbdcnOhWXWmVQHA2pBinMb43,baseline,,2026-01-29T15:38:00.636000+00:00,2244.0,4500.0,0.49866666666666665,30.0,30.0,True,
s0XLzbY0tLvYtQwZWXbK,vhAuWHlLmSb0iY4B4weSuSprUey2,human,,2025-12-16T18:13:49.257000+00:00,2264.0,4500.0,0.5031111111111111,30.0,30.0,True,"{'age': 34, 'clarityNow': 8, 'screenTime': 4, 'flow': 'Often', 'psiPossibility': 'I am open to the possibility', 'deepWork': '1–2 hours', 'meditation': 'Rarely or never', 'gender': 'Male', 'diagnosis': 'No', 'scrolling': 'Frequently', 'autism': 'No'}"
s5u42p8dK8lSrEw4nIEP,wpb2rvaHhEXkdUratYdjRpreew13,ai_agent,,2026-01-23T18:36:17.646000+00:00,2250.0,4500.0,0.5,30.0,30.0,True,
sBr2IVkzgpa7F2pdo72Y,fGL6CwNuW6c7KpB0UTqubsnNHaA2,human,,2025-12-17T01:01:07.392000+00:00,2282.0,4500.0,0.5071111111111111,30.0,30.0,True,"{'age': 18, 'clarityNow': 10, 'screenTime': 8, 'flow': 'Often', 'psiPossibility': 'Yes, it is definitely possible', 'deepWork': 'Less than 1 hour', 'meditation': 'Yes, daily', 'gender': 'Female', 'diagnosis': 'Yes', 'scrolling': 'Frequently', 'autism': 'Yes'}"
sgflQeh2Yv6kAEyaaOYK,a0xrSPv0u4PSW6q88X2qQmR8Fcu2,ai_agent,,2025-11-19T18:44:15.299000+00:00,2215.0,4500.0,0.4922222222222222,30.0,30.0,True,
skqfG4HcBhc6DwBmNH9F,wvToPbdcnOhWXWmVQHA2pBinMb43,baseline,,2026-01-29T15:54:34.657000+00:00,2240.0,4500.0,0.49777777777777776,30.0,30.0,True,
srfODD162OZL8S6V7N7x,y612YV0ACNSi8gs6TnC3QIueQi23,baseline,,2025-10-27T23:53:21.967000+00:00,2200.0,4500.0,0.4888888888888889,30.0,30.0,True,"{'age': 59, 'clarityNow': 4, 'screenTime': 5, 'flow': 'Occasionally', 'psiPossibility': 'I am open to the possibility', 'deepWork': 'Rarely or never', 'meditation': 'Yes, daily', 'gender': 'Female', 'diagnosis': 'Not sure / Self-diagnosed', 'scrolling': 'Frequently', 'autism': 'No'}"
t9DGzVdqrNQnmqHsjIt4,wvToPbdcnOhWXWmVQHA2pBinMb43,baseline,,2026-01-29T19:58:34.095000+00:00,2266.0,4500.0,0.5035555555555555,30.0,30.0,True,
t9HQPxLhhjQUYaqmOozR,jw3wKoijCch0LusF5tED3f6Tgih2,human,,2025-12-16T04:47:51.802000+00:00,2197.0,4500.0,0.4882222222222222,30.0,30.0,True,"{'age': 41, 'clarityNow': 6, 'screenTime': 5, 'flow': 'Occasionally', 'psiPossibility': 'Yes, it is definitely possible', 'deepWork': 'Less than 1 hour', 'meditation': 'Occasionally', 'gender': 'Male', 'diagnosis': 'Yes', 'scrolling': 'Sometimes', 'autism': 'No'}"
tHuYH5S6R6fzdfmyCKV4,ZMO2YYSTZ9f4hPZqQffebxAmnyp1,ai_agent,,2026-01-27T01:40:59.485000+00:00,2224.0,4500.0,0.49422222222222223,30.0,30.0,True,
tJ2Dwy9bxNUHJtrMJt9G,y612YV0ACNSi8gs6TnC3QIueQi23,baseline,,2025-12-13T03:08:24.238000+00:00,2202.0,4500.0,0.48933333333333334,30.0,30.0,True,"{'age': 59, 'clarityNow': 4, 'screenTime': 5, 'flow': 'Occasionally', 'psiPossibility': 'I am open to the possibility', 'deepWork': 'Rarely or never', 'meditation': 'Yes, daily', 'gender': 'Female', 'diagnosis': 'Not sure / Self-diagnosed', 'scrolling': 'Frequently', 'autism': 'No'}"
tPrfVDiVg65sI2Fsb4YP,OQ8WG5aCeUdyF59QZmWRUkmeczs1,ai_agent,,2026-01-24T01:20:34.281000+00:00,2293.0,4500.0,0.5095555555555555,30.0,30.0,True,
tU1D4oVgtEIuJuMsn4CL,wvToPbdcnOhWXWmVQHA2pBinMb43,baseline,,2026-01-29T19:39:03.278000+00:00,2228.0,4500.0,0.4951111111111111,30.0,30.0,True,
tVX9RLpRpbUqJp9FkkaB,y612YV0ACNSi8gs6TnC3QIueQi23,baseline,,2025-12-23T22:48:41.776000+00:00,2201.0,4500.0,0.4891111111111111,30.0,30.0,True,"{'age': 59, 'clarityNow': 4, 'screenTime': 5, 'flow': 'Occasionally', 'psiPossibility': 'I am open to the possibility', 'deepWork': 'Rarely or never', 'meditation': 'Yes, daily', 'gender': 'Female', 'diagnosis': 'Not sure / Self-diagnosed', 'scrolling': 'Frequently', 'autism': 'No'}"
tW3LvDJNW9QmmvhgfltM,KI1RQQzi5NZDN5b1OIQYW3q4FL43,ai_agent,,2026-01-26T18:22:57.876000+00:00,2252.0,4500.0,0.5004444444444445,30.0,30.0,True,
u1fymM82ZOOslNnhqLMl,yDBP7OPuGzbXsj38NfjH8rXERQX2,human,,2025-12-18T14:27:23.106000+00:00,2244.0,4500.0,0.49866666666666665,30.0,30.0,True,"{'age': 21, 'clarityNow': 10, 'screenTime': 7, 'flow': 'Occasionally', 'psiPossibility': 'I am skeptical', 'deepWork': 'Less than 1 hour', 'meditation': 'Rarely or never', 'gender': 'Female', 'diagnosis': 'No', 'scrolling': 'Sometimes', 'autism': 'No'}"
ugdNnXK5l0xSzyPPPOn6,AQgiamiFmgNOlLgvIGtjE0LVITa2,human,,2025-12-15T23:56:53.430000+00:00,2252.0,4500.0,0.5004444444444445,30.0,30.0,True,"{'age': 32, 'clarityNow': 7, 'screenTime': 4, 'flow': 'Often', 'psiPossibility': 'I am open to the possibility', 'deepWork': '1–2 hours', 'meditation': 'Rarely or never', 'gender': 'Male', 'diagnosis': 'Not sure / Self-diagnosed', 'scrolling': 'Frequently', 'autism': 'No'}"
umtuKHoGd7SgYMCFY3Nt,2SSbYX237jR9aOfq1lvxvxeR8LF2,ai_agent,,2026-01-22T03:39:10.644000+00:00,2232.0,4500.0,0.496,30.0,30.0,True,
utXsUdTpgBleoR7jLmj5,y612YV0ACNSi8gs6TnC3QIueQi23,baseline,,2025-10-22T00:03:02.095000+00:00,2262.0,4500.0,0.5026666666666667,30.0,30.0,True,"{'age': 59, 'clarityNow': 4, 'screenTime': 5, 'flow': 'Occasionally', 'psiPossibility': 'I am open to the possibility', 'deepWork': 'Rarely or never', 'meditation': 'Yes, daily', 'gender': 'Female', 'diagnosis': 'Not sure / Self-diagnosed', 'scrolling': 'Frequently', 'autism': 'No'}"
v0PxZsyy5Skxm0BrbXRb,msqMAbwikTh6v0ZEDg4m2MNwmpA3,human,,2025-12-19T09:42:53.767000+00:00,2220.0,4500.0,0.49333333333333335,30.0,30.0,True,"{'age': 49, 'clarityNow': 6, 'screenTime': 2, 'flow': 'Rarely', 'psiPossibility': 'I am skeptical', 'deepWork': 'Rarely or never', 'meditation': 'Rarely or never', 'gender': 'Female', 'diagnosis': 'No', 'scrolling': 'Rarely', 'autism': 'No'}"
v40cCk0TeUWoBORRkoCB,KI1RQQzi5NZDN5b1OIQYW3q4FL43,ai_agent,,2026-01-26T18:36:14.581000+00:00,2198.0,4500.0,0.48844444444444446,30.0,30.0,True,
vIKIOtcamep4hrF3qtDI,VK4JwxlXyCNtJ2xvABiKqWuSqxB2,human,,2025-12-10T17:16:26.842000+00:00,2204.0,4500.0,0.48977777777777776,30.0,30.0,True,"{'psiBelief': 2, 'clarityNow': 8, 'screenTime': 2, 'age': 29, 'flow': 'Often', 'deepWork': 'More than 2 hours', 'meditation': 'Yes, a few times per week', 'gender': 'Male', 'diagnosis': 'Not sure / Self-diagnosed', 'scrolling': 'Sometimes', 'autism': 'Not sure / Self-diagnosed'}"
vIm36EvtwP3LNXdAra0b,vsoK1aC4lyMHlySmRGVLREUYc8k2,ai_agent,,2025-12-24T01:59:37.392000+00:00,2235.0,4500.0,0.49666666666666665,30.0,30.0,True,
vTiW3mzb0P4cF1oKN5xw,nCAXtvqQqwdP1jBnquTNbtm0Dcv2,human,,2025-11-20T23:20:37.971000+00:00,,,,,,,"{'age': 18, 'clarityNow': 5, 'screenTime': 6, 'flow': 'Occasionally', 'deepWork': 'Less than 1 hour', 'meditation': 'Rarely or never', 'gender': 'Male', 'diagnosis': 'No', 'scrolling': 'Sometimes', 'autism': 'No'}"
vZVnFWCcN0yj3ZpkdmCh,ctudEjSvxOSDr8pVN8fDU1YvfNg1,baseline,,2026-01-16T06:18:03.477000+00:00,2273.0,4500.0,0.5051111111111111,30.0,30.0,True,
vb2MIKYKtVU0U6F5feb0,jw3wKoijCch0LusF5tED3f6Tgih2,human,,2025-12-16T04:23:23.386000+00:00,2314.0,4500.0,0.5142222222222222,30.0,30.0,True,"{'age': 41, 'clarityNow': 6, 'screenTime': 5, 'flow': 'Occasionally', 'psiPossibility': 'Yes, it is definitely possible', 'deepWork': 'Less than 1 hour', 'meditation': 'Occasionally', 'gender': 'Male', 'diagnosis': 'Yes', 'scrolling': 'Sometimes', 'autism': 'No'}"
vdJ4zeHPsHM6HoLbS9Q6,KI1RQQzi5NZDN5b1OIQYW3q4FL43,ai_agent,,2026-01-26T18:17:28.429000+00:00,2230.0,4500.0,0.4955555555555556,30.0,30.0,True,
vmLCFZu0EatiStQ2hrsz,clUg3nebBwU6r1f7odbEFsZs0U23,ai_agent,,2025-10-20T22:42:47.214000+00:00,2285.0,4500.0,0.5077777777777778,30.0,30.0,True,
wE8pu8cGZpkPfzkrpvTO,ub0CmVvXqlNS1HfCP7GEFAMRPcw2,ai_agent,,2025-10-25T23:43:15.197000+00:00,2217.0,4500.0,0.49266666666666664,30.0,30.0,True,
wI7jJOuoJUELrkohTEKq,ctudEjSvxOSDr8pVN8fDU1YvfNg1,baseline,,2026-01-16T06:01:58.900000+00:00,2248.0,4500.0,0.49955555555555553,30.0,30.0,True,
wOdzcgp0uJcT1jcN4rs6,aj2PSAxOmadGQylCj6000WszNWv2,human,,2025-12-23T05:06:36.541000+00:00,2281.0,4500.0,0.5068888888888889,30.0,30.0,True,"{'age': 34, 'clarityNow': 7, 'screenTime': 2, 'flow': 'Occasionally', 'psiPossibility': 'Yes, it is definitely possible', 'deepWork': '1–2 hours', 'meditation': 'Yes, daily', 'gender': 'Female', 'diagnosis': 'Yes', 'scrolling': 'Sometimes', 'autism': 'Not sure / Self-diagnosed'}"
wZZM5o3Xax7SGtiJUBWw,sNSmpssU5ePuDiuQWylxfBWgJNl2,human,,2025-11-20T23:52:20.721000+00:00,,,,,,,"{'age': 84, 'clarityNow': 7, 'screenTime': 3, 'flow': 'Often', 'deepWork': '1–2 hours', 'meditation': 'Yes, daily', 'gender': 'Female', 'diagnosis': 'No', 'scrolling': 'Sometimes', 'autism': 'No'}"
wgZqUKoIXrwiPfS0tp8s,y612YV0ACNSi8gs6TnC3QIueQi23,baseline,,2025-10-27T23:51:52.154000+00:00,2270.0,4500.0,0.5044444444444445,30.0,30.0,True,"{'age': 59, 'clarityNow': 4, 'screenTime': 5, 'flow': 'Occasionally', 'psiPossibility': 'I am open to the possibility', 'deepWork': 'Rarely or never', 'meditation': 'Yes, daily', 'gender': 'Female', 'diagnosis': 'Not sure / Self-diagnosed', 'scrolling': 'Frequently', 'autism': 'No'}"
x50Ps6yPIXM6dbSQE64s,cm29OQVl3JMYS5xgRVbRUgalbZO2,human,,2026-01-12T04:31:50.209000+00:00,2271.0,4500.0,0.5046666666666667,30.0,30.0,True,"{'age': 42, 'clarityNow': 5, 'screenTime': 2, 'flow': 'Often', 'psiPossibility': 'I am skeptical', 'deepWork': 'More than 2 hours', 'meditation': 'Rarely or never', 'gender': 'Male', 'diagnosis': 'No', 'scrolling': 'Sometimes', 'autism': 'No'}"
xL0OCsh5i3ffsEPSYB4e,ctudEjSvxOSDr8pVN8fDU1YvfNg1,baseline,,2026-01-16T06:00:45.360000+00:00,2249.0,4500.0,0.49977777777777777,30.0,30.0,True,
xLJelW366ySE0UHB7XjN,mr70epVjC5OAEHxiGuht2h2T6qH2,ai_agent,,2026-01-26T16:25:19.413000+00:00,2228.0,4500.0,0.4951111111111111,30.0,30.0,True,
xV5EP7nmnOvo4VLsUiyO,2SSbYX237jR9aOfq1lvxvxeR8LF2,ai_agent,,2026-01-22T03:57:40.360000+00:00,2230.0,4500.0,0.4955555555555556,30.0,30.0,True,
xZ50vQZF9kH46gv7cdaz,aj2PSAxOmadGQylCj6000WszNWv2,human,,2025-12-23T05:03:20.983000+00:00,2267.0,4500.0,0.5037777777777778,30.0,30.0,True,"{'age': 34, 'clarityNow': 7, 'screenTime': 2, 'flow': 'Occasionally', 'psiPossibility': 'Yes, it is definitely possible', 'deepWork': '1–2 hours', 'meditation': 'Yes, daily', 'gender': 'Female', 'diagnosis': 'Yes', 'scrolling': 'Sometimes', 'autism': 'Not sure / Self-diagnosed'}"
y8XghyFdPS3RQfi0IPUb,2SSbYX237jR9aOfq1lvxvxeR8LF2,ai_agent,,2026-01-22T03:36:42.961000+00:00,2204.0,4500.0,0.48977777777777776,30.0,30.0,True,
yDewPh0ToDf8fO9sd8WM,I8Fesxc9gYMypdf9O0TRZULuBBQ2,ai_agent,,2026-01-23T02:01:15.452000+00:00,2268.0,4500.0,0.504,30.0,30.0,True,
yGNcRBYuTpgygssJoN5C,uXrJw4hPKbbG7UrWT2iiz8RwpCJ3,human,,2025-12-06T16:43:02.156000+00:00,2225.0,4500.0,0.49444444444444446,30.0,30.0,True,"{'age': 54, 'clarityNow': 5, 'screenTime': 6, 'flow': 'Rarely', 'deepWork': '1–2 hours', 'meditation': 'Rarely or never', 'gender': 'Male', 'diagnosis': 'No', 'scrolling': 'Rarely', 'autism': 'No'}"
yVhQr0VmJqDjV8ZmRD80,jw3wKoijCch0LusF5tED3f6Tgih2,human,,2025-12-16T04:41:17.455000+00:00,2236.0,4500.0,0.4968888888888889,30.0,30.0,True,"{'age': 41, 'clarityNow': 6, 'screenTime': 5, 'flow': 'Occasionally', 'psiPossibility': 'Yes, it is definitely possible', 'deepWork': 'Less than 1 hour', 'meditation': 'Occasionally', 'gender': 'Male', 'diagnosis': 'Yes', 'scrolling': 'Sometimes', 'autism': 'No'}"
yhdenlfXWcDpEyCyh5Ih,8EVYzQ5b2Ocbv84TChWAb3rwVVk1,human,,2025-12-28T06:59:04.256000+00:00,2207.0,4500.0,0.49044444444444446,30.0,30.0,True,"{'age': 36, 'clarityNow': 3, 'screenTime': 4, 'flow': 'Rarely', 'psiPossibility': 'Yes, it is definitely possible', 'deepWork': 'Less than 1 hour', 'meditation': 'Occasionally', 'gender': 'Female', 'diagnosis': 'No', 'scrolling': 'Sometimes', 'autism': 'Not sure / Self-diagnosed'}"
ywIR7EWzddwZt59dvgeq,ctudEjSvxOSDr8pVN8fDU1YvfNg1,baseline,,2026-01-16T05:59:31.141000+00:00,2287.0,4500.0,0.5082222222222222,30.0,30.0,True,
ywSQzat4dFQeXLIreMqH,LJn18WLLY5b9UkAOSPFHZBSQsZ83,ai_agent,,2025-10-23T23:21:28.337000+00:00,2290.0,4500.0,0.5088888888888888,30.0,30.0,True,
zFXaffWTUB55Bchsowxh,LJn18WLLY5b9UkAOSPFHZBSQsZ83,ai_agent,,2025-10-23T23:31:25.751000+00:00,2259.0,4500.0,0.502,30.0,30.0,True,
zU2ugZeEWsN7aR1wjX0L,GkDR0s3OA6eW6Maa6bFVoy37y6b2,human,,2025-12-23T11:34:06.695000+00:00,2245.0,4500.0,0.4988888888888889,30.0,30.0,True,"{'age': 46, 'clarityNow': 10, 'screenTime': 3, 'flow': 'Often', 'psiPossibility': 'Yes, it is definitely possible', 'deepWork': '1–2 hours', 'meditation': 'Occasionally', 'gender': 'Female', 'diagnosis': 'Not sure / Self-diagnosed', 'scrolling': 'Frequently', 'autism': 'Yes'}"
zi6uyOK2uNeheZDWRq4N,ZMO2YYSTZ9f4hPZqQffebxAmnyp1,ai_agent,,2026-01-27T01:38:44.111000+00:00,2252.0,4500.0,0.5004444444444445,30.0,30.0,True,
zqKMrfCRflfWrRPQIFdv,y612YV0ACNSi8gs6TnC3QIueQi23,baseline,,2025-12-13T03:09:40.246000+00:00,2264.0,4500.0,0.5031111111111111,30.0,30.0,True,"{'age': 59, 'clarityNow': 4, 'screenTime': 5, 'flow': 'Occasionally', 'psiPossibility': 'I am open to the possibility', 'deepWork': 'Rarely or never', 'meditation': 'Yes, daily', 'gender': 'Female', 'diagnosis': 'Not sure / Self-diagnosed', 'scrolling': 'Frequently', 'autism': 'No'}"
zszblh5wpyrPJOwzMg6k,UVqDMkYRw3XHMNvCYVuJjueYXRm1,human,,2026-01-21T19:47:19.273000+00:00,2281.0,4500.0,0.5068888888888889,30.0,30.0,True,"{'age': 27, 'clarityNow': 3, 'screenTime': 8, 'flow': 'Often', 'psiPossibility': 'I am open to the possibility', 'deepWork': '1–2 hours', 'meditation': 'Occasionally', 'gender': 'Female', 'diagnosis': 'Not sure / Self-diagnosed', 'scrolling': 'Frequently', 'autism': 'Yes'}"
